{"type":"FeatureCollection","name":"Aklan Barangays","features":[{"type":"Feature","geometry":{"type":"Polygon","coordinates":[[[122.52769225800013,11.501654173000073],[122.53057059400008,11.50631433700005],[122.52670540000008,11.512783739000042],[122.5326996450001,11.518185372000062],[122.52796715700003,11.524966010000073],[122.52139934900005,11.52580363800007],[122.51768573700008,11.528158938000045],[122.50829130300006,11.524559077000049],[122.50422974900006,11.52734261300003],[122.50400118900006,11.523400749000075],[122.49715448200004,11.514757456000043],[122.50493969600006,11.506040209000048],[122.51434226100004,11.501105918000063],[122.51911207500007,11.502147602000036],[122.52769225800013,11.501654173000073]]]},"properties":{"adm1_psgc":600000000,"adm2_psgc":600400000,"adm3_psgc":600401000,"adm4_psgc":600401001,"adm4_en":"Cabangila","geo_level":"Bgy","len_crs":13528,"area_crs":7951694,"len_km":13,"area_km2":7,"province":"Aklan","municipality":"Altavas","municipality_psgc":"600401000","flood_status":"normal"},"id":600401001},{"type":"Feature","geometry":{"type":"Polygon","coordinates":[[[122.46830335800007,11.551202455000066],[122.46095435200004,11.552474712000045],[122.45774135600003,11.550535951000029],[122.45447159100001,11.554691782000075],[122.44600003000006,11.556280883000055],[122.44225548500003,11.551376858000028],[122.42969927100013,11.548936196000055],[122.42075641200005,11.551219102000061],[122.41601054800002,11.543065910000054],[122.41195751800002,11.543065910000056],[122.40755731400009,11.539331301000061],[122.40577596900006,11.533016830000065],[122.41034897600002,11.52211605900004],[122.40186764400006,11.514538694000068],[122.4008174480001,11.508131168000032],[122.41228557600004,11.508518274000036],[122.41824916300003,11.51029369300005],[122.41932655300002,11.512304316000042],[122.4175175790001,11.521094639000067],[122.4218838480001,11.520239965000032],[122.41974097100002,11.533518376000075],[122.4243169990001,11.538180110000043],[122.43396386000006,11.537994593000063],[122.43431170400004,11.540104844000037],[122.44680627100001,11.535751565000051],[122.450255,11.541047827000055],[122.44798869200008,11.54425021800006],[122.45500931900007,11.547304806000053],[122.467942052,11.550408662000052],[122.46830335800007,11.551202455000066]]]},"properties":{"adm1_psgc":600000000,"adm2_psgc":600400000,"adm3_psgc":600401000,"adm4_psgc":600401002,"adm4_en":"Cabugao","geo_level":"Bgy","len_crs":32710,"area_crs":11847876,"len_km":32,"area_km2":11,"province":"Aklan","municipality":"Altavas","municipality_psgc":"600401000","flood_status":"normal"},"id":600401002},{"type":"Feature","geometry":{"type":"Polygon","coordinates":[[[122.49715448200004,11.514757456000043],[122.4909622560001,11.52007852400004],[122.48827978100006,11.512724863000074],[122.48697008400006,11.502454077000037],[122.48342558200011,11.501108127000062],[122.48396097900002,11.497809008000047],[122.48847123100008,11.492199619000074],[122.48361535700008,11.488979631000063],[122.49089373100001,11.486329369000032],[122.49407743300003,11.48684651900004],[122.50488909,11.484729438000045],[122.51400385200009,11.489480749000046],[122.53002524900012,11.493157942000039],[122.52769225800013,11.501654173000073],[122.51911207500007,11.502147602000036],[122.51434226100004,11.501105918000063],[122.50493969600006,11.506040209000048],[122.49715448200004,11.514757456000043]]]},"properties":{"adm1_psgc":600000000,"adm2_psgc":600400000,"adm3_psgc":600401000,"adm4_psgc":600401003,"adm4_en":"Catmon","geo_level":"Bgy","len_crs":15904,"area_crs":9810241,"len_km":15,"area_km2":9,"province":"Aklan","municipality":"Altavas","municipality_psgc":"600401000","flood_status":"normal"},"id":600401003},{"type":"Feature","geometry":{"type":"Polygon","coordinates":[[[122.44680627100001,11.535751565000051],[122.43431170400004,11.540104844000037],[122.43396386000006,11.537994593000063],[122.4243169990001,11.538180110000043],[122.41974097100002,11.533518376000075],[122.4218838480001,11.520239965000032],[122.4175175790001,11.521094639000067],[122.41932655300002,11.512304316000042],[122.41824916300003,11.51029369300005],[122.42662256500012,11.510107550000042],[122.43154770100011,11.511799349000057],[122.43741334300012,11.516145712000025],[122.4360331920001,11.521783184000073],[122.44409705900011,11.524727135000036],[122.44859924600007,11.531410851000032],[122.44680627100001,11.535751565000051]]]},"properties":{"adm1_psgc":600000000,"adm2_psgc":600400000,"adm3_psgc":600401000,"adm4_psgc":600401004,"adm4_en":"Dalipdip","geo_level":"Bgy","len_crs":17242,"area_crs":7042493,"len_km":17,"area_km2":7,"province":"Aklan","municipality":"Altavas","municipality_psgc":"600401000","flood_status":"normal"},"id":600401004},{"type":"Feature","geometry":{"type":"Polygon","coordinates":[[[122.47785981400013,11.532589548000033],[122.47815114000004,11.537685182000073],[122.4662668950001,11.529944639000064],[122.46312070700004,11.526014304000059],[122.46235128,11.515633455000058],[122.46588696100002,11.51397687900004],[122.46526466900002,11.506683615000044],[122.46998544800012,11.506173687000055],[122.47267465900006,11.512885225000044],[122.47093696700007,11.521319002000043],[122.47547013600003,11.524018657000054],[122.47785981400013,11.532589548000033]]]},"properties":{"adm1_psgc":600000000,"adm2_psgc":600400000,"adm3_psgc":600401000,"adm4_psgc":600401005,"adm4_en":"Ginictan","geo_level":"Bgy","len_crs":9460,"area_crs":2974710,"len_km":9,"area_km2":2,"province":"Aklan","municipality":"Altavas","municipality_psgc":"600401000","flood_status":"normal"},"id":600401005},{"type":"Feature","geometry":{"type":"Polygon","coordinates":[[[122.46312070700004,11.526014304000059],[122.46381394,11.533214230000056],[122.46239482600004,11.536083762000032],[122.46634534500005,11.54054854800006],[122.467942052,11.550408662000052],[122.45500931900007,11.547304806000053],[122.44798869200008,11.54425021800006],[122.450255,11.541047827000055],[122.44680627100001,11.535751565000051],[122.44859924600007,11.531410851000032],[122.45157545900008,11.524954027000035],[122.46312070700004,11.526014304000059]]]},"properties":{"adm1_psgc":600000000,"adm2_psgc":600400000,"adm3_psgc":600401000,"adm4_psgc":600401006,"adm4_en":"Linayasan","geo_level":"Bgy","len_crs":9963,"area_crs":4184087,"len_km":9,"area_km2":4,"province":"Aklan","municipality":"Altavas","municipality_psgc":"600401000","flood_status":"normal"},"id":600401006},{"type":"Feature","geometry":{"type":"Polygon","coordinates":[[[122.44409705900011,11.524727135000036],[122.4360331920001,11.521783184000073],[122.43741334300012,11.516145712000025],[122.43154770100011,11.511799349000057],[122.42662256500012,11.510107550000042],[122.41824916300003,11.51029369300005],[122.41228557600004,11.508518274000036],[122.4008174480001,11.508131168000032],[122.40274502300008,11.503744272000061],[122.40294442700008,11.497270278000029],[122.40859339800011,11.47817156000002],[122.42773217600008,11.478228268000064],[122.4351325040001,11.476300213000059],[122.43706055900009,11.482821574000068],[122.44256118600002,11.49141276000006],[122.44224929500001,11.503066149000063],[122.44624717300007,11.513103375000071],[122.44947934700008,11.516721801000076],[122.44409705900011,11.524727135000036]]]},"properties":{"adm1_psgc":600000000,"adm2_psgc":600400000,"adm3_psgc":600401000,"adm4_psgc":600401007,"adm4_en":"Lumaynay","geo_level":"Bgy","len_crs":21938,"area_crs":16035028,"len_km":21,"area_km2":16,"province":"Aklan","municipality":"Altavas","municipality_psgc":"600401000","flood_status":"normal"},"id":600401007},{"type":"Feature","geometry":{"type":"Polygon","coordinates":[[[122.48772996600007,11.529774878000069],[122.48157300700007,11.53400741300004],[122.47785981400013,11.532589548000033],[122.47547013600003,11.524018657000054],[122.47093696700007,11.521319002000043],[122.47267465900006,11.512885225000044],[122.46998544800012,11.506173687000055],[122.46526466900002,11.506683615000044],[122.46245190900005,11.495830841000043],[122.45996274000004,11.492545138000022],[122.47108138400006,11.49287260500006],[122.48342558200011,11.501108127000062],[122.48697008400006,11.502454077000037],[122.48827978100006,11.512724863000074],[122.4909622560001,11.52007852400004],[122.48772996600007,11.529774878000069]]]},"properties":{"adm1_psgc":600000000,"adm2_psgc":600400000,"adm3_psgc":600401000,"adm4_psgc":600401008,"adm4_en":"Lupo","geo_level":"Bgy","len_crs":14078,"area_crs":7704426,"len_km":14,"area_km2":7,"province":"Aklan","municipality":"Altavas","municipality_psgc":"600401000","flood_status":"normal"},"id":600401008},{"type":"Feature","geometry":{"type":"Polygon","coordinates":[[[122.49878680200004,11.535613845000055],[122.49331414000007,11.530853092000028],[122.48772996600007,11.529774878000069],[122.4909622560001,11.52007852400004],[122.49715448200004,11.514757456000043],[122.50400118900006,11.523400749000075],[122.50422974900006,11.52734261300003],[122.49878680200004,11.535613845000055]]]},"properties":{"adm1_psgc":600000000,"adm2_psgc":600400000,"adm3_psgc":600401000,"adm4_psgc":600401009,"adm4_en":"Man-up","geo_level":"Bgy","len_crs":7215,"area_crs":2306725,"len_km":7,"area_km2":2,"province":"Aklan","municipality":"Altavas","municipality_psgc":"600401000","flood_status":"normal"},"id":600401009},{"type":"Feature","geometry":{"type":"Polygon","coordinates":[[[122.48200654000006,11.554956630000051],[122.47775180300003,11.556575626000038],[122.46830335800007,11.551202455000066],[122.467942052,11.550408662000052],[122.46634534500005,11.54054854800006],[122.46239482600004,11.536083762000032],[122.46381394,11.533214230000056],[122.46312070700004,11.526014304000059],[122.4662668950001,11.529944639000064],[122.47815114000004,11.537685182000073],[122.48350659900005,11.54898032700004],[122.48200654000006,11.554956630000051]]]},"properties":{"adm1_psgc":600000000,"adm2_psgc":600400000,"adm3_psgc":600401000,"adm4_psgc":600401010,"adm4_en":"Odiong","geo_level":"Bgy","len_crs":11905,"area_crs":3853595,"len_km":11,"area_km2":3,"province":"Aklan","municipality":"Altavas","municipality_psgc":"600401000","flood_status":"normal"},"id":600401010},{"type":"Feature","geometry":{"type":"Polygon","coordinates":[[[122.49878680200004,11.535613845000055],[122.49605042700011,11.544646575000057],[122.48964257100009,11.552519261000045],[122.48910847800003,11.560746835000032],[122.4811795070001,11.557089635000068],[122.48200654000006,11.554956630000051],[122.48350659900005,11.54898032700004],[122.47815114000004,11.537685182000073],[122.47785981400013,11.532589548000033],[122.48157300700007,11.53400741300004],[122.48772996600007,11.529774878000069],[122.49331414000007,11.530853092000028],[122.49878680200004,11.535613845000055]]]},"properties":{"adm1_psgc":600000000,"adm2_psgc":600400000,"adm3_psgc":600401000,"adm4_psgc":600401011,"adm4_en":"Poblacion","geo_level":"Bgy","len_crs":13211,"area_crs":4542637,"len_km":13,"area_km2":4,"province":"Aklan","municipality":"Altavas","municipality_psgc":"600401000","flood_status":"normal"},"id":600401011},{"type":"Feature","geometry":{"type":"Polygon","coordinates":[[[122.46526466900002,11.506683615000044],[122.46588696100002,11.51397687900004],[122.46235128,11.515633455000058],[122.45392805000004,11.509849052000048],[122.45200775800004,11.495322733000025],[122.45268956900007,11.489372608000053],[122.4499759160001,11.479149241000071],[122.45854391400007,11.478605795000021],[122.45996274000004,11.483335215000066],[122.45996274000004,11.492545138000022],[122.46245190900005,11.495830841000043],[122.46526466900002,11.506683615000044]]]},"properties":{"adm1_psgc":600000000,"adm2_psgc":600400000,"adm3_psgc":600401000,"adm4_psgc":600401012,"adm4_en":"Quinasay-an","geo_level":"Bgy","len_crs":10190,"area_crs":4073830,"len_km":10,"area_km2":4,"province":"Aklan","municipality":"Altavas","municipality_psgc":"600401000","flood_status":"normal"},"id":600401012},{"type":"Feature","geometry":{"type":"Polygon","coordinates":[[[122.46312070700004,11.526014304000059],[122.45157545900008,11.524954027000035],[122.44859924600007,11.531410851000032],[122.44409705900011,11.524727135000036],[122.44947934700008,11.516721801000076],[122.44624717300007,11.513103375000071],[122.44224929500001,11.503066149000063],[122.44256118600002,11.49141276000006],[122.43706055900009,11.482821574000068],[122.4351325040001,11.476300213000059],[122.43921808000003,11.475965538000024],[122.4499759160001,11.479149241000071],[122.45268956900007,11.489372608000053],[122.45200775800004,11.495322733000025],[122.45392805000004,11.509849052000048],[122.46235128,11.515633455000058],[122.46312070700004,11.526014304000059]]]},"properties":{"adm1_psgc":600000000,"adm2_psgc":600400000,"adm3_psgc":600401000,"adm4_psgc":600401013,"adm4_en":"Talon","geo_level":"Bgy","len_crs":17202,"area_crs":7529069,"len_km":17,"area_km2":7,"province":"Aklan","municipality":"Altavas","municipality_psgc":"600401000","flood_status":"normal"},"id":600401013},{"type":"Feature","geometry":{"type":"Polygon","coordinates":[[[122.48361535700008,11.488979631000063],[122.48847123100008,11.492199619000074],[122.48396097900002,11.497809008000047],[122.48342558200011,11.501108127000062],[122.47108138400006,11.49287260500006],[122.45996274000004,11.492545138000022],[122.45996274000004,11.483335215000066],[122.45854391400007,11.478605795000021],[122.47260793400005,11.476178983000066],[122.48003528700008,11.481437853000045],[122.48361535700008,11.488979631000063]]]},"properties":{"adm1_psgc":600000000,"adm2_psgc":600400000,"adm3_psgc":600401000,"adm4_psgc":600401014,"adm4_en":"Tibiao","geo_level":"Bgy","len_crs":10287,"area_crs":4976834,"len_km":10,"area_km2":4,"province":"Aklan","municipality":"Altavas","municipality_psgc":"600401000","flood_status":"normal"},"id":600401014},{"type":"Feature","geometry":{"type":"Polygon","coordinates":[[[122.41682939600003,11.543887108000035],[122.42022242700011,11.550401728000054],[122.41315829300004,11.57209634800006],[122.40247107400013,11.584191769000025],[122.38210318800009,11.571856945000038],[122.37675729900002,11.556981428000029],[122.38114338400011,11.554704466000032],[122.41682939600003,11.543887108000035]]]},"properties":{"adm1_psgc":600000000,"adm2_psgc":600400000,"adm3_psgc":600402000,"adm4_psgc":600402001,"adm4_en":"Aranas","geo_level":"Bgy","len_crs":18826,"area_crs":12767852,"len_km":18,"area_km2":12,"province":"Aklan","municipality":"Balete","municipality_psgc":"600402000","flood_status":"normal"},"id":600402001},{"type":"Feature","geometry":{"type":"Polygon","coordinates":[[[122.37646851800002,11.55242829100007],[122.345427072,11.56546465200006],[122.340934822,11.563099053000034],[122.33317171300007,11.545552955000062],[122.33976892400005,11.521150427000064],[122.35211160000006,11.508910468000067],[122.35233607100008,11.514201565000059],[122.36436576000006,11.53046217700006],[122.36558478200004,11.539902030000063],[122.37646851800002,11.55242829100007]]]},"properties":{"adm1_psgc":600000000,"adm2_psgc":600400000,"adm3_psgc":600402000,"adm4_psgc":600402002,"adm4_en":"Arcangel","geo_level":"Bgy","len_crs":18340,"area_crs":15958823,"len_km":18,"area_km2":15,"province":"Aklan","municipality":"Balete","municipality_psgc":"600402000","flood_status":"normal"},"id":600402002},{"type":"Feature","geometry":{"type":"Polygon","coordinates":[[[122.40247107400013,11.584191769000025],[122.39858262600002,11.592448781000027],[122.38543545200004,11.593512188000032],[122.35762306700008,11.583725112000026],[122.36498670700007,11.563554745000031],[122.37591007300013,11.556478151000022],[122.37675729900002,11.556981428000029],[122.38210318800009,11.571856945000038],[122.40247107400013,11.584191769000025]]]},"properties":{"adm1_psgc":600000000,"adm2_psgc":600400000,"adm3_psgc":600402000,"adm4_psgc":600402004,"adm4_en":"Calizo","geo_level":"Bgy","len_crs":17521,"area_crs":10198750,"len_km":17,"area_km2":10,"province":"Aklan","municipality":"Balete","municipality_psgc":"600402000","flood_status":"normal"},"id":600402004},{"type":"Feature","geometry":{"type":"Polygon","coordinates":[[[122.41682939600003,11.543887108000035],[122.38114338400011,11.554704466000032],[122.38104623700008,11.554163679000055],[122.38702667200005,11.54923639900005],[122.38646330200004,11.53555091900006],[122.39034194000011,11.530980403000058],[122.38710276100007,11.496328871000058],[122.4019371070001,11.475952338000068],[122.40737120400001,11.483298681000063],[122.4008174480001,11.508131168000032],[122.41034897600002,11.52211605900004],[122.40577596900006,11.533016830000065],[122.41682939600003,11.543887108000035]]]},"properties":{"adm1_psgc":600000000,"adm2_psgc":600400000,"adm3_psgc":600402000,"adm4_psgc":600402005,"adm4_en":"Cortes","geo_level":"Bgy","len_crs":31201,"area_crs":13857675,"len_km":31,"area_km2":13,"province":"Aklan","municipality":"Balete","municipality_psgc":"600402000","flood_status":"normal"},"id":600402005},{"type":"Feature","geometry":{"type":"Polygon","coordinates":[[[122.35762306700008,11.583725112000026],[122.35382418300004,11.605433370000071],[122.3400883390001,11.57955036000004],[122.345427072,11.56546465200006],[122.37646851800002,11.55242829100007],[122.37789758400004,11.554953794000028],[122.37591007300013,11.556478151000022],[122.36498670700007,11.563554745000031],[122.35762306700008,11.583725112000026]]]},"properties":{"adm1_psgc":600000000,"adm2_psgc":600400000,"adm3_psgc":600402000,"adm4_psgc":600402006,"adm4_en":"Feliciano","geo_level":"Bgy","len_crs":16671,"area_crs":8160024,"len_km":16,"area_km2":8,"province":"Aklan","municipality":"Balete","municipality_psgc":"600402000","flood_status":"normal"},"id":600402006},{"type":"Feature","geometry":{"type":"Polygon","coordinates":[[[122.38543545200004,11.593512188000032],[122.37474798700009,11.609632499000043],[122.35651251800005,11.612752608000049],[122.35382418300004,11.605433370000071],[122.35762306700008,11.583725112000026],[122.38543545200004,11.593512188000032]]]},"properties":{"adm1_psgc":600000000,"adm2_psgc":600400000,"adm3_psgc":600402000,"adm4_psgc":600402007,"adm4_en":"Fulgencio","geo_level":"Bgy","len_crs":13099,"area_crs":7941843,"len_km":13,"area_km2":7,"province":"Aklan","municipality":"Balete","municipality_psgc":"600402000","flood_status":"normal"},"id":600402007},{"type":"Feature","geometry":{"type":"Polygon","coordinates":[[[122.38646330200004,11.53555091900006],[122.37210897000011,11.518467802000032],[122.37157050100008,11.50912199800007],[122.37675102400011,11.497161172000062],[122.37133922300006,11.48777415500007],[122.3737499340001,11.480364906000032],[122.36889899100004,11.46119728800005],[122.35756372700007,11.451357648000053],[122.37082335300012,11.42764624600005],[122.40012524700012,11.455984206000037],[122.4019371070001,11.475952338000068],[122.38710276100007,11.496328871000058],[122.39034194000011,11.530980403000058],[122.38646330200004,11.53555091900006]]]},"properties":{"adm1_psgc":600000000,"adm2_psgc":600400000,"adm3_psgc":600402000,"adm4_psgc":600402008,"adm4_en":"Guanko","geo_level":"Bgy","len_crs":40976,"area_crs":26428013,"len_km":40,"area_km2":26,"province":"Aklan","municipality":"Balete","municipality_psgc":"600402000","flood_status":"normal"},"id":600402008},{"type":"Feature","geometry":{"type":"Polygon","coordinates":[[[122.38104623700008,11.554163679000055],[122.37789758400004,11.554953794000028],[122.37646851800002,11.55242829100007],[122.36558478200004,11.539902030000063],[122.36436576000006,11.53046217700006],[122.35233607100008,11.514201565000059],[122.35211160000006,11.508910468000067],[122.36592848000011,11.508320280000019],[122.37157050100008,11.50912199800007],[122.37210897000011,11.518467802000032],[122.38646330200004,11.53555091900006],[122.38702667200005,11.54923639900005],[122.38104623700008,11.554163679000055]]]},"properties":{"adm1_psgc":600000000,"adm2_psgc":600400000,"adm3_psgc":600402000,"adm4_psgc":600402009,"adm4_en":"Morales","geo_level":"Bgy","len_crs":18111,"area_crs":9602174,"len_km":18,"area_km2":9,"province":"Aklan","municipality":"Balete","municipality_psgc":"600402000","flood_status":"normal"},"id":600402009},{"type":"Feature","geometry":{"type":"Polygon","coordinates":[[[122.37082335300012,11.42764624600005],[122.35756372700007,11.451357648000053],[122.36889899100004,11.46119728800005],[122.3737499340001,11.480364906000032],[122.37133922300006,11.48777415500007],[122.37675102400011,11.497161172000062],[122.37157050100008,11.50912199800007],[122.36592848000011,11.508320280000019],[122.36399910400007,11.489928799000038],[122.35117814200008,11.473529631000076],[122.34073189900005,11.45016815300005],[122.37082335300012,11.42764624600005]]]},"properties":{"adm1_psgc":600000000,"adm2_psgc":600400000,"adm3_psgc":600402000,"adm4_psgc":600402010,"adm4_en":"Oquendo","geo_level":"Bgy","len_crs":28632,"area_crs":13250091,"len_km":28,"area_km2":13,"province":"Aklan","municipality":"Balete","municipality_psgc":"600402000","flood_status":"normal"},"id":600402010},{"type":"Feature","geometry":{"type":"Polygon","coordinates":[[[122.38114338400011,11.554704466000032],[122.37675729900002,11.556981428000029],[122.37591007300013,11.556478151000022],[122.37789758400004,11.554953794000028],[122.38104623700008,11.554163679000055],[122.38114338400011,11.554704466000032]]]},"properties":{"adm1_psgc":600000000,"adm2_psgc":600400000,"adm3_psgc":600402000,"adm4_psgc":600402011,"adm4_en":"Poblacion","geo_level":"Bgy","len_crs":1480,"area_crs":108871,"len_km":1,"area_km2":0,"province":"Aklan","municipality":"Balete","municipality_psgc":"600402000","flood_status":"normal"},"id":600402011},{"type":"Feature","geometry":{"type":"Polygon","coordinates":[[[122.35110990200008,11.608598214000038],[122.3446763280001,11.617217337000056],[122.33260447300007,11.619413440000073],[122.3423176440001,11.606715171000076],[122.35110990200008,11.608598214000038]]]},"properties":{"adm1_psgc":600000000,"adm2_psgc":600400000,"adm3_psgc":600403000,"adm4_psgc":600403001,"adm4_en":"Agbanawan","geo_level":"Bgy","len_crs":6057,"area_crs":1786750,"len_km":6,"area_km2":1,"province":"Aklan","municipality":"Banga","municipality_psgc":"600403000","flood_status":"normal"},"id":600403001},{"type":"Feature","geometry":{"type":"Polygon","coordinates":[[[122.32995315800008,11.636607938000054],[122.32715632300005,11.637052092000033],[122.31924615400011,11.626901459000067],[122.3296529700001,11.622593213000071],[122.33202095500009,11.621695286000032],[122.33225832200004,11.635768034000021],[122.32995315800008,11.636607938000054]]]},"properties":{"adm1_psgc":600000000,"adm2_psgc":600400000,"adm3_psgc":600403000,"adm4_psgc":600403002,"adm4_en":"Bacan","geo_level":"Bgy","len_crs":5649,"area_crs":1871741,"len_km":5,"area_km2":1,"province":"Aklan","municipality":"Banga","municipality_psgc":"600403000","flood_status":"normal"},"id":600403002},{"type":"Feature","geometry":{"type":"Polygon","coordinates":[[[122.31632351700011,11.58138329600007],[122.30332159900003,11.583242332000053],[122.30359610000005,11.57581338400007],[122.31054563900013,11.567745459000035],[122.31502992200002,11.564419369000063],[122.33058622400006,11.558085907000075],[122.33735058100002,11.556671313000036],[122.345427072,11.56546465200006],[122.34127974600005,11.575809897000054],[122.32836821800004,11.575034096000026],[122.31632351700011,11.58138329600007]]]},"properties":{"adm1_psgc":600000000,"adm2_psgc":600400000,"adm3_psgc":600403000,"adm4_psgc":600403003,"adm4_en":"Badiangan","geo_level":"Bgy","len_crs":12881,"area_crs":7134618,"len_km":12,"area_km2":7,"province":"Aklan","municipality":"Banga","municipality_psgc":"600403000","flood_status":"normal"},"id":600403003},{"type":"Feature","geometry":{"type":"Polygon","coordinates":[[[122.33112944700008,11.641003888000057],[122.32256465100012,11.649574530000054],[122.31734224000003,11.646603513000057],[122.32715632300005,11.637052092000033],[122.32995315800008,11.636607938000054],[122.33112944700008,11.641003888000057]]]},"properties":{"adm1_psgc":600000000,"adm2_psgc":600400000,"adm3_psgc":600403000,"adm4_psgc":600403004,"adm4_en":"Cerrudo","geo_level":"Bgy","len_crs":4398,"area_crs":914458,"len_km":4,"area_km2":0,"province":"Aklan","municipality":"Banga","municipality_psgc":"600403000","flood_status":"normal"},"id":600403004},{"type":"Feature","geometry":{"type":"Polygon","coordinates":[[[122.32715632300005,11.637052092000033],[122.31734224000003,11.646603513000057],[122.31362979000006,11.638581252000048],[122.32715632300005,11.637052092000033]]]},"properties":{"adm1_psgc":600000000,"adm2_psgc":600400000,"adm3_psgc":600403000,"adm4_psgc":600403005,"adm4_en":"Cupang","geo_level":"Bgy","len_crs":4208,"area_crs":951023,"len_km":4,"area_km2":0,"province":"Aklan","municipality":"Banga","municipality_psgc":"600403000","flood_status":"normal"},"id":600403005},{"type":"Feature","geometry":{"type":"Polygon","coordinates":[[[122.3214582710001,11.546715978000064],[122.31248902900006,11.54795781900003],[122.30792571200006,11.542125678000046],[122.31314410000003,11.532739180000021],[122.3300259030001,11.535604258000035],[122.3214582710001,11.546715978000064]]]},"properties":{"adm1_psgc":600000000,"adm2_psgc":600400000,"adm3_psgc":600403000,"adm4_psgc":600403006,"adm4_en":"Daguitan","geo_level":"Bgy","len_crs":7103,"area_crs":2345257,"len_km":7,"area_km2":2,"province":"Aklan","municipality":"Banga","municipality_psgc":"600403000","flood_status":"normal"},"id":600403006},{"type":"Feature","geometry":{"type":"Polygon","coordinates":[[[122.30359610000005,11.57581338400007],[122.29076002200007,11.563312153000025],[122.29411712700005,11.551425259000041],[122.29996351600005,11.554279941000058],[122.30051177100005,11.564852311000038],[122.31054563900013,11.567745459000035],[122.30359610000005,11.57581338400007]]]},"properties":{"adm1_psgc":600000000,"adm2_psgc":600400000,"adm3_psgc":600403000,"adm4_psgc":600403007,"adm4_en":"Daja Norte","geo_level":"Bgy","len_crs":8747,"area_crs":3034435,"len_km":8,"area_km2":3,"province":"Aklan","municipality":"Banga","municipality_psgc":"600403000","flood_status":"normal"},"id":600403007},{"type":"Feature","geometry":{"type":"Polygon","coordinates":[[[122.31502992200002,11.564419369000063],[122.31054563900013,11.567745459000035],[122.30051177100005,11.564852311000038],[122.29996351600005,11.554279941000058],[122.3167245940001,11.559758039000027],[122.31502992200002,11.564419369000063]]]},"properties":{"adm1_psgc":600000000,"adm2_psgc":600400000,"adm3_psgc":600403000,"adm4_psgc":600403008,"adm4_en":"Daja Sur","geo_level":"Bgy","len_crs":6036,"area_crs":1647650,"len_km":6,"area_km2":1,"province":"Aklan","municipality":"Banga","municipality_psgc":"600403000","flood_status":"normal"},"id":600403008},{"type":"Feature","geometry":{"type":"Polygon","coordinates":[[[122.3335057810001,11.592077205000063],[122.32722577700008,11.592961393000053],[122.31632351700011,11.58138329600007],[122.32836821800004,11.575034096000026],[122.34127974600005,11.575809897000054],[122.3400883390001,11.57955036000004],[122.3335057810001,11.592077205000063]]]},"properties":{"adm1_psgc":600000000,"adm2_psgc":600400000,"adm3_psgc":600403000,"adm4_psgc":600403009,"adm4_en":"Dingle","geo_level":"Bgy","len_crs":7882,"area_crs":3048554,"len_km":7,"area_km2":3,"province":"Aklan","municipality":"Banga","municipality_psgc":"600403000","flood_status":"normal"},"id":600403009},{"type":"Feature","geometry":{"type":"Polygon","coordinates":[[[122.34323651300008,11.65019008400003],[122.33385274200009,11.66267908100002],[122.33395272000008,11.646785415000068],[122.33918289900008,11.64138848400006],[122.34323651300008,11.65019008400003]]]},"properties":{"adm1_psgc":600000000,"adm2_psgc":600400000,"adm3_psgc":600403000,"adm4_psgc":600403010,"adm4_en":"Jumarap","geo_level":"Bgy","len_crs":5484,"area_crs":1505999,"len_km":5,"area_km2":1,"province":"Aklan","municipality":"Banga","municipality_psgc":"600403000","flood_status":"normal"},"id":600403010},{"type":"Feature","geometry":{"type":"Polygon","coordinates":[[[122.32146379200003,11.601829050000049],[122.31252794200009,11.608637369000064],[122.31326981100004,11.596987270000056],[122.3224763400001,11.594709440000033],[122.32146379200003,11.601829050000049]]]},"properties":{"adm1_psgc":600000000,"adm2_psgc":600400000,"adm3_psgc":600403000,"adm4_psgc":600403011,"adm4_en":"Lapnag","geo_level":"Bgy","len_crs":4591,"area_crs":1000226,"len_km":4,"area_km2":1,"province":"Aklan","municipality":"Banga","municipality_psgc":"600403000","flood_status":"normal"},"id":600403011},{"type":"Feature","geometry":{"type":"Polygon","coordinates":[[[122.34857865100003,11.62251959300005],[122.33572749200005,11.637746096000056],[122.33225832200004,11.635768034000021],[122.33202095500009,11.621695286000032],[122.33260447300007,11.619413440000073],[122.3446763280001,11.617217337000056],[122.35110990200008,11.608598214000038],[122.35218592700005,11.609107910000034],[122.34857865100003,11.62251959300005]]]},"properties":{"adm1_psgc":600000000,"adm2_psgc":600400000,"adm3_psgc":600403000,"adm4_psgc":600403012,"adm4_en":"Libas","geo_level":"Bgy","len_crs":9516,"area_crs":3033744,"len_km":9,"area_km2":3,"province":"Aklan","municipality":"Banga","municipality_psgc":"600403000","flood_status":"normal"},"id":600403012},{"type":"Feature","geometry":{"type":"Polygon","coordinates":[[[122.35260467800002,11.65032650100005],[122.339941124,11.66598598100006],[122.33385274200009,11.66267908100002],[122.34323651300008,11.65019008400003],[122.35149604000004,11.646914426000023],[122.35260467800002,11.65032650100005]]]},"properties":{"adm1_psgc":600000000,"adm2_psgc":600400000,"adm3_psgc":600403000,"adm4_psgc":600403013,"adm4_en":"Linabuan Sur","geo_level":"Bgy","len_crs":6635,"area_crs":2451345,"len_km":6,"area_km2":2,"province":"Aklan","municipality":"Banga","municipality_psgc":"600403000","flood_status":"normal"},"id":600403013},{"type":"Feature","geometry":{"type":"Polygon","coordinates":[[[122.35149604000004,11.646914426000023],[122.34323651300008,11.65019008400003],[122.33918289900008,11.64138848400006],[122.33731049200003,11.639762525000037],[122.34784300600008,11.637907204000042],[122.35149604000004,11.646914426000023]]]},"properties":{"adm1_psgc":600000000,"adm2_psgc":600400000,"adm3_psgc":600403000,"adm4_psgc":600403014,"adm4_en":"Mambog","geo_level":"Bgy","len_crs":4849,"area_crs":1286491,"len_km":4,"area_km2":1,"province":"Aklan","municipality":"Banga","municipality_psgc":"600403000","flood_status":"normal"},"id":600403014},{"type":"Feature","geometry":{"type":"Polygon","coordinates":[[[122.36693739100009,11.624695998000051],[122.36140344000012,11.638617561000045],[122.35117765100004,11.635853459000032],[122.35400100200003,11.626274680000051],[122.36693739100009,11.624695998000051]]]},"properties":{"adm1_psgc":600000000,"adm2_psgc":600400000,"adm3_psgc":600403000,"adm4_psgc":600403015,"adm4_en":"Mangan","geo_level":"Bgy","len_crs":5944,"area_crs":2290964,"len_km":5,"area_km2":2,"province":"Aklan","municipality":"Banga","municipality_psgc":"600403000","flood_status":"normal"},"id":600403015},{"type":"Feature","geometry":{"type":"Polygon","coordinates":[[[122.36140344000012,11.638617561000045],[122.35260467800002,11.65032650100005],[122.35149604000004,11.646914426000023],[122.34784300600008,11.637907204000042],[122.35117765100004,11.635853459000032],[122.36140344000012,11.638617561000045]]]},"properties":{"adm1_psgc":600000000,"adm2_psgc":600400000,"adm3_psgc":600403000,"adm4_psgc":600403016,"adm4_en":"Muguing","geo_level":"Bgy","len_crs":4858,"area_crs":1172141,"len_km":4,"area_km2":1,"province":"Aklan","municipality":"Banga","municipality_psgc":"600403000","flood_status":"normal"},"id":600403016},{"type":"Feature","geometry":{"type":"Polygon","coordinates":[[[122.36693739100009,11.624695998000051],[122.35400100200003,11.626274680000051],[122.34857865100003,11.62251959300005],[122.35218592700005,11.609107910000034],[122.3551017100001,11.61078214100007],[122.37118800700011,11.616914205000056],[122.36693739100009,11.624695998000051]]]},"properties":{"adm1_psgc":600000000,"adm2_psgc":600400000,"adm3_psgc":600403000,"adm4_psgc":600403017,"adm4_en":"Pagsanghan","geo_level":"Bgy","len_crs":8197,"area_crs":2596046,"len_km":8,"area_km2":2,"province":"Aklan","municipality":"Banga","municipality_psgc":"600403000","flood_status":"normal"},"id":600403017},{"type":"Feature","geometry":{"type":"Polygon","coordinates":[[[122.33395272000008,11.646785415000068],[122.33385274200009,11.66267908100002],[122.32256465100012,11.649574530000054],[122.33112944700008,11.641003888000057],[122.33395272000008,11.646785415000068]]]},"properties":{"adm1_psgc":600000000,"adm2_psgc":600400000,"adm3_psgc":600403000,"adm4_psgc":600403018,"adm4_en":"Palale","geo_level":"Bgy","len_crs":6033,"area_crs":1374800,"len_km":6,"area_km2":1,"province":"Aklan","municipality":"Banga","municipality_psgc":"600403000","flood_status":"normal"},"id":600403018},{"type":"Feature","geometry":{"type":"Polygon","coordinates":[[[122.33918289900008,11.64138848400006],[122.33395272000008,11.646785415000068],[122.33112944700008,11.641003888000057],[122.32995315800008,11.636607938000054],[122.33225832200004,11.635768034000021],[122.33572749200005,11.637746096000056],[122.33731049200003,11.639762525000037],[122.33918289900008,11.64138848400006]]]},"properties":{"adm1_psgc":600000000,"adm2_psgc":600400000,"adm3_psgc":600403000,"adm4_psgc":600403019,"adm4_en":"Poblacion","geo_level":"Bgy","len_crs":3554,"area_crs":612458,"len_km":3,"area_km2":0,"province":"Aklan","municipality":"Banga","municipality_psgc":"600403000","flood_status":"normal"},"id":600403019},{"type":"Feature","geometry":{"type":"Polygon","coordinates":[[[122.3224763400001,11.594709440000033],[122.31326981100004,11.596987270000056],[122.30332159900003,11.583242332000053],[122.31632351700011,11.58138329600007],[122.32722577700008,11.592961393000053],[122.3224763400001,11.594709440000033]]]},"properties":{"adm1_psgc":600000000,"adm2_psgc":600400000,"adm3_psgc":600403000,"adm4_psgc":600403020,"adm4_en":"Polo","geo_level":"Bgy","len_crs":6940,"area_crs":2531716,"len_km":6,"area_km2":2,"province":"Aklan","municipality":"Banga","municipality_psgc":"600403000","flood_status":"normal"},"id":600403020},{"type":"Feature","geometry":{"type":"Polygon","coordinates":[[[122.33260447300007,11.619413440000073],[122.33202095500009,11.621695286000032],[122.33025182200004,11.609953427000049],[122.32146379200003,11.601829050000049],[122.3224763400001,11.594709440000033],[122.32722577700008,11.592961393000053],[122.3335057810001,11.592077205000063],[122.33711054800006,11.591623775000075],[122.3423176440001,11.606715171000076],[122.33260447300007,11.619413440000073]]]},"properties":{"adm1_psgc":600000000,"adm2_psgc":600400000,"adm3_psgc":600403000,"adm4_psgc":600403021,"adm4_en":"Polocate","geo_level":"Bgy","len_crs":10082,"area_crs":3692762,"len_km":10,"area_km2":3,"province":"Aklan","municipality":"Banga","municipality_psgc":"600403000","flood_status":"normal"},"id":600403021},{"type":"Feature","geometry":{"type":"Polygon","coordinates":[[[122.33711054800006,11.591623775000075],[122.3335057810001,11.592077205000063],[122.3400883390001,11.57955036000004],[122.34306256900003,11.588624519000064],[122.33711054800006,11.591623775000075]]]},"properties":{"adm1_psgc":600000000,"adm2_psgc":600400000,"adm3_psgc":600403000,"adm4_psgc":600403022,"adm4_en":"San Isidro","geo_level":"Bgy","len_crs":4151,"area_crs":1023092,"len_km":4,"area_km2":1,"province":"Aklan","municipality":"Banga","municipality_psgc":"600403000","flood_status":"normal"},"id":600403022},{"type":"Feature","geometry":{"type":"Polygon","coordinates":[[[122.33735058100002,11.556671313000036],[122.33058622400006,11.558085907000075],[122.3214582710001,11.546715978000064],[122.3300259030001,11.535604258000035],[122.33735058100002,11.556671313000036]]]},"properties":{"adm1_psgc":600000000,"adm2_psgc":600400000,"adm3_psgc":600403000,"adm4_psgc":600403023,"adm4_en":"Sibalew","geo_level":"Bgy","len_crs":7211,"area_crs":2805337,"len_km":7,"area_km2":2,"province":"Aklan","municipality":"Banga","municipality_psgc":"600403000","flood_status":"normal"},"id":600403023},{"type":"Feature","geometry":{"type":"Polygon","coordinates":[[[122.33202095500009,11.621695286000032],[122.3296529700001,11.622593213000071],[122.32421473300006,11.61229224400006],[122.31263784800002,11.617237561000023],[122.31252794200009,11.608637369000064],[122.32146379200003,11.601829050000049],[122.33025182200004,11.609953427000049],[122.33202095500009,11.621695286000032]]]},"properties":{"adm1_psgc":600000000,"adm2_psgc":600400000,"adm3_psgc":600403000,"adm4_psgc":600403024,"adm4_en":"Sigcay","geo_level":"Bgy","len_crs":8160,"area_crs":2024215,"len_km":8,"area_km2":2,"province":"Aklan","municipality":"Banga","municipality_psgc":"600403000","flood_status":"normal"},"id":600403024},{"type":"Feature","geometry":{"type":"Polygon","coordinates":[[[122.31924615400011,11.626901459000067],[122.30928119900011,11.62949419700004],[122.31263784800002,11.617237561000023],[122.32421473300006,11.61229224400006],[122.3296529700001,11.622593213000071],[122.31924615400011,11.626901459000067]]]},"properties":{"adm1_psgc":600000000,"adm2_psgc":600400000,"adm3_psgc":600403000,"adm4_psgc":600403025,"adm4_en":"Taba-ao","geo_level":"Bgy","len_crs":6874,"area_crs":2407435,"len_km":6,"area_km2":2,"province":"Aklan","municipality":"Banga","municipality_psgc":"600403000","flood_status":"normal"},"id":600403025},{"type":"Feature","geometry":{"type":"Polygon","coordinates":[[[122.34784300600008,11.637907204000042],[122.33731049200003,11.639762525000037],[122.33572749200005,11.637746096000056],[122.34857865100003,11.62251959300005],[122.35400100200003,11.626274680000051],[122.35117765100004,11.635853459000032],[122.34784300600008,11.637907204000042]]]},"properties":{"adm1_psgc":600000000,"adm2_psgc":600400000,"adm3_psgc":600403000,"adm4_psgc":600403026,"adm4_en":"Tabayon","geo_level":"Bgy","len_crs":6260,"area_crs":1663392,"len_km":6,"area_km2":1,"province":"Aklan","municipality":"Banga","municipality_psgc":"600403000","flood_status":"normal"},"id":600403026},{"type":"Feature","geometry":{"type":"Polygon","coordinates":[[[122.31248902900006,11.54795781900003],[122.3167245940001,11.559758039000027],[122.29996351600005,11.554279941000058],[122.29411712700005,11.551425259000041],[122.30792571200006,11.542125678000046],[122.31248902900006,11.54795781900003]]]},"properties":{"adm1_psgc":600000000,"adm2_psgc":600400000,"adm3_psgc":600403000,"adm4_psgc":600403027,"adm4_en":"Tinapuay","geo_level":"Bgy","len_crs":7290,"area_crs":2587102,"len_km":7,"area_km2":2,"province":"Aklan","municipality":"Banga","municipality_psgc":"600403000","flood_status":"normal"},"id":600403027},{"type":"Feature","geometry":{"type":"Polygon","coordinates":[[[122.33058622400006,11.558085907000075],[122.31502992200002,11.564419369000063],[122.3167245940001,11.559758039000027],[122.31248902900006,11.54795781900003],[122.3214582710001,11.546715978000064],[122.33058622400006,11.558085907000075]]]},"properties":{"adm1_psgc":600000000,"adm2_psgc":600400000,"adm3_psgc":600403000,"adm4_psgc":600403028,"adm4_en":"Torralba","geo_level":"Bgy","len_crs":6956,"area_crs":2180021,"len_km":6,"area_km2":2,"province":"Aklan","municipality":"Banga","municipality_psgc":"600403000","flood_status":"normal"},"id":600403028},{"type":"Feature","geometry":{"type":"Polygon","coordinates":[[[122.32715632300005,11.637052092000033],[122.31362979000006,11.638581252000048],[122.30928119900011,11.62949419700004],[122.31924615400011,11.626901459000067],[122.32715632300005,11.637052092000033]]]},"properties":{"adm1_psgc":600000000,"adm2_psgc":600400000,"adm3_psgc":600403000,"adm4_psgc":600403029,"adm4_en":"Ugsod","geo_level":"Bgy","len_crs":5461,"area_crs":1322469,"len_km":5,"area_km2":1,"province":"Aklan","municipality":"Banga","municipality_psgc":"600403000","flood_status":"normal"},"id":600403029},{"type":"Feature","geometry":{"type":"Polygon","coordinates":[[[122.3551017100001,11.61078214100007],[122.35218592700005,11.609107910000034],[122.35110990200008,11.608598214000038],[122.3423176440001,11.606715171000076],[122.33711054800006,11.591623775000075],[122.34306256900003,11.588624519000064],[122.3551017100001,11.61078214100007]]]},"properties":{"adm1_psgc":600000000,"adm2_psgc":600400000,"adm3_psgc":600403000,"adm4_psgc":600403030,"adm4_en":"Venturanza","geo_level":"Bgy","len_crs":7780,"area_crs":2174626,"len_km":7,"area_km2":2,"province":"Aklan","municipality":"Banga","municipality_psgc":"600403000","flood_status":"normal"},"id":600403030},{"type":"Feature","geometry":{"type":"Polygon","coordinates":[[[122.52442758300003,11.57082425100003],[122.5204266290001,11.57287221400003],[122.51854445700006,11.574720776000053],[122.51760337100008,11.577409593000027],[122.51344223400008,11.580366507000065],[122.51042649000011,11.580801090000021],[122.50999558000002,11.581747338000069],[122.5039260640001,11.583278611000022],[122.5004350690001,11.582488811000077],[122.49798399600002,11.582786179000035],[122.49602454300009,11.582747612000048],[122.49517903800006,11.581078944000067],[122.49623150200013,11.57795175100006],[122.49547745500001,11.574912562000064],[122.4977045600001,11.57356475200004],[122.49816527300004,11.57060302900004],[122.50031526400005,11.569198953000068],[122.49856016900004,11.564767338000022],[122.50354631400012,11.562156427000048],[122.50465011000004,11.56336534700006],[122.51053497300006,11.566698712000061],[122.51722519400005,11.564585239000051],[122.52442758300003,11.57082425100003]]]},"properties":{"adm1_psgc":600000000,"adm2_psgc":600400000,"adm3_psgc":600404000,"adm4_psgc":600404001,"adm4_en":"Ambolong","geo_level":"Bgy","len_crs":11042,"area_crs":4539300,"len_km":11,"area_km2":4,"province":"Aklan","municipality":"Batan","municipality_psgc":"600404000","flood_status":"normal"},"id":600404001},{"type":"Feature","geometry":{"type":"Polygon","coordinates":[[[122.53067107900006,11.542951645000072],[122.52845325600005,11.543133932000044],[122.52576849700006,11.541796211000076],[122.52408293800009,11.542504634000066],[122.52252703600004,11.544580079000069],[122.5202295800001,11.542685686000025],[122.5176802100001,11.545073830000034],[122.51555949400007,11.544706555000062],[122.5146802700001,11.543003059000059],[122.51473522300012,11.540072314000042],[122.51352629000009,11.536940081000068],[122.51154803700001,11.535694514000056],[122.5115297200001,11.533240015000048],[122.50984454200011,11.53036422200006],[122.50576872400006,11.528232542000067],[122.5061835770001,11.52579694700006],[122.50829130300006,11.524559077000049],[122.51290822600005,11.524130841000046],[122.51302866700007,11.52566981500007],[122.51768573700008,11.528158938000045],[122.52139934900005,11.52580363800007],[122.52590124000007,11.526272399000048],[122.52796715700003,11.524966010000073],[122.5326996450001,11.518185372000062],[122.53536914300003,11.531552684000074],[122.535941728,11.535662641000046],[122.53577511100004,11.536814655000056],[122.53149137000004,11.539670482000075],[122.53067107900006,11.542951645000072]]]},"properties":{"adm1_psgc":600000000,"adm2_psgc":600400000,"adm3_psgc":600404000,"adm4_psgc":600404002,"adm4_en":"Angas","geo_level":"Bgy","len_crs":12764,"area_crs":5114584,"len_km":12,"area_km2":5,"province":"Aklan","municipality":"Batan","municipality_psgc":"600404000","flood_status":"normal"},"id":600404002},{"type":"Feature","geometry":{"type":"Polygon","coordinates":[[[122.461151287,11.599983272000026],[122.45662122300007,11.600105386000052],[122.45416443300007,11.602495516000031],[122.45135024800005,11.607153920000028],[122.44950653800004,11.608714896000036],[122.44586291000007,11.608806424000022],[122.44324681800005,11.606934350000072],[122.44129827600013,11.603529361000025],[122.44172632000006,11.59399509900004],[122.44101684200007,11.59407076600007],[122.43999978200009,11.591096074000065],[122.43768666300004,11.586992286000056],[122.4392974020001,11.583319096000022],[122.4426375590001,11.580027314000061],[122.44564688100002,11.578369527000063],[122.45029603700004,11.579545273000067],[122.44727824000007,11.590136460000053],[122.45064611600002,11.592184796000026],[122.45337634000008,11.591997769000049],[122.45765926100013,11.59078216700004],[122.46030573100006,11.592634696000061],[122.46160250000003,11.598509859000044],[122.461151287,11.599983272000026]]]},"properties":{"adm1_psgc":600000000,"adm2_psgc":600400000,"adm3_psgc":600404000,"adm4_psgc":600404003,"adm4_en":"Bay-ang","geo_level":"Bgy","len_crs":11772,"area_crs":4482587,"len_km":11,"area_km2":4,"province":"Aklan","municipality":"Batan","municipality_psgc":"600404000","flood_status":"normal"},"id":600404003},{"type":"Feature","geometry":{"type":"Polygon","coordinates":[[[122.3938880930001,11.611481250000056],[122.39092854500005,11.613082302000068],[122.38583228100002,11.614377641000035],[122.38449737500004,11.615232525000069],[122.37830170000005,11.613836947000037],[122.37570884200012,11.611284236000072],[122.37491793000004,11.60839422200007],[122.37727454300013,11.606572487000049],[122.37932864800007,11.603535985000063],[122.38335088500004,11.600496752000026],[122.38547613300011,11.601090570000054],[122.38867008700004,11.603092495000054],[122.389929777,11.605622349000042],[122.39364895900007,11.609904096000037],[122.3938880930001,11.611481250000056]]]},"properties":{"adm1_psgc":600000000,"adm2_psgc":600400000,"adm3_psgc":600404000,"adm4_psgc":600404004,"adm4_en":"Caiyang","geo_level":"Bgy","len_crs":5778,"area_crs":2114205,"len_km":5,"area_km2":2,"province":"Aklan","municipality":"Batan","municipality_psgc":"600404000","flood_status":"normal"},"id":600404004},{"type":"Feature","geometry":{"type":"Polygon","coordinates":[[[122.43182806200002,11.54965252200003],[122.43572567400008,11.55034852400007],[122.43847292300005,11.551376858000028],[122.44225548500003,11.551376858000028],[122.44516368500001,11.553752839000028],[122.44683637600008,11.55405696400004],[122.44600003000006,11.556280883000055],[122.4490602940001,11.557117228000038],[122.45054102000006,11.558386308000024],[122.44906774700007,11.56054006000005],[122.44663690100005,11.562591335000034],[122.44401439,11.567314205000057],[122.44194658800006,11.56844747300005],[122.443171817,11.569953561000034],[122.4434120530001,11.575997051000058],[122.44231359200013,11.577027314000077],[122.43999983800006,11.57492005000006],[122.43626863500002,11.573660004000033],[122.43362620900008,11.573452036000045],[122.43146088800007,11.572032955000052],[122.43138748700005,11.568570888000066],[122.43070241400005,11.566307699000049],[122.43081251500007,11.56216055800007],[122.43026201000008,11.558013418000028],[122.42924663300006,11.554184347000044],[122.43065348000006,11.552912068000065],[122.43182806200002,11.54965252200003]]]},"properties":{"adm1_psgc":600000000,"adm2_psgc":600400000,"adm3_psgc":600404000,"adm4_psgc":600404005,"adm4_en":"Cabugao","geo_level":"Bgy","len_crs":10967,"area_crs":4248115,"len_km":10,"area_km2":4,"province":"Aklan","municipality":"Batan","municipality_psgc":"600404000","flood_status":"normal"},"id":600404005},{"type":"Feature","geometry":{"type":"Polygon","coordinates":[[[122.42182521800008,11.591415057000061],[122.42058800700009,11.592032594000045],[122.42101713700005,11.597248759000024],[122.41938216900006,11.601177607000066],[122.41843658200003,11.605858715000066],[122.41714775600008,11.606117403000042],[122.41601918700007,11.601616428000057],[122.41281725500005,11.601863397000045],[122.40963062300011,11.605908679000036],[122.40678885200008,11.605677660000024],[122.405135899,11.607041925000031],[122.40421723600004,11.609380767000058],[122.40120556700003,11.612875200000076],[122.40223492100006,11.615711146000022],[122.4013528370001,11.617261847000064],[122.39615524800001,11.61983415000003],[122.3944656970001,11.619218282000077],[122.39498910300006,11.61387425600003],[122.3938880930001,11.611481250000056],[122.39364895900007,11.609904096000037],[122.389929777,11.605622349000042],[122.38867008700004,11.603092495000054],[122.38990871400006,11.601076727000077],[122.3942770640001,11.59714303900006],[122.39453786100012,11.595121863000031],[122.3967611820001,11.592163494000033],[122.40040407200001,11.591636811000056],[122.40099659000008,11.589464244000055],[122.40292776100011,11.588147536000065],[122.4005357420001,11.586216366000032],[122.40303945200003,11.584465432000055],[122.40729176600007,11.584591739000075],[122.41228086900003,11.58048678100005],[122.41417039600005,11.57770067900003],[122.41542280800003,11.578133330000073],[122.41599208600009,11.580433213000049],[122.41808702800006,11.58236875800003],[122.42052353800011,11.58332514600005],[122.42159378100007,11.585146835000048],[122.42002257400007,11.58740117600007],[122.420819563,11.58881298500006],[122.42282342100009,11.588129851000074],[122.42553318500005,11.588425877000075],[122.42480450900007,11.590634675000048],[122.42182521800008,11.591415057000061]]]},"properties":{"adm1_psgc":600000000,"adm2_psgc":600400000,"adm3_psgc":600404000,"adm4_psgc":600404006,"adm4_en":"Camaligan","geo_level":"Bgy","len_crs":17027,"area_crs":8233873,"len_km":17,"area_km2":8,"province":"Aklan","municipality":"Batan","municipality_psgc":"600404000","flood_status":"normal"},"id":600404006},{"type":"Feature","geometry":{"type":"Polygon","coordinates":[[[122.54929426600006,11.555732912000053],[122.54787998800009,11.55548597500007],[122.54498408600011,11.558000246000063],[122.544939139,11.559472048000032],[122.54285463500003,11.56069399800003],[122.54205341600004,11.56373056800004],[122.53707429200006,11.567638045000026],[122.53281848500002,11.567543611000074],[122.53212264500009,11.568796123000027],[122.53002434400003,11.568362288000062],[122.52955030100007,11.566619035000027],[122.53139587800001,11.56482210100006],[122.53085409900007,11.56344626200007],[122.53174220000005,11.557566881000069],[122.53074371100001,11.552828073000056],[122.53127351800003,11.547592333000065],[122.53067107900006,11.542951645000072],[122.53149137000004,11.539670482000075],[122.53577511100004,11.536814655000056],[122.535941728,11.535662641000046],[122.54055290300003,11.536009719000043],[122.54489137500003,11.534150374000037],[122.54795306900009,11.535207513000046],[122.55077428000004,11.535207513000044],[122.55464336900002,11.53899599600004],[122.55496579300006,11.54238144900006],[122.55900710000003,11.544948735000046],[122.5596826860001,11.548532923000037],[122.56222033400003,11.54826568800007],[122.56479972600006,11.546975991000068],[122.56955548200007,11.543106902000032],[122.57376008400001,11.541323981000062],[122.57478170600007,11.545978285000048],[122.57683022900005,11.547281151000048],[122.57760653800007,11.549103500000056],[122.57560132400009,11.552118936000056],[122.57218688800003,11.552352372000028],[122.56863568200004,11.555341867000037],[122.56274503700003,11.557735207000064],[122.56042889800004,11.556855354000048],[122.55755544400004,11.556675764000035],[122.55414321900003,11.553622720000025],[122.552773838,11.556788009000055],[122.55095548100006,11.55737167800004],[122.54929426600006,11.555732912000053]]]},"properties":{"adm1_psgc":600000000,"adm2_psgc":600400000,"adm3_psgc":600404000,"adm4_psgc":600404007,"adm4_en":"Camanci","geo_level":"Bgy","len_crs":18557,"area_crs":10049262,"len_km":18,"area_km2":10,"province":"Aklan","municipality":"Batan","municipality_psgc":"600404000","flood_status":"normal"},"id":600404007},{"type":"Feature","geometry":{"type":"Polygon","coordinates":[[[122.47610227400003,11.578001465000055],[122.47687245500003,11.579799186000058],[122.47599050100007,11.58120912700002],[122.47085333400003,11.584563536000074],[122.46744349100004,11.588742303000059],[122.4637052170001,11.585450485000024],[122.46402565000007,11.58371637300007],[122.46142448100012,11.583263995000038],[122.46312766300002,11.579308724000043],[122.4626250330001,11.577903823000044],[122.46530447500004,11.573589126000057],[122.46944931900009,11.571356088000075],[122.47160967800005,11.57140847900007],[122.47449542600009,11.570066494000057],[122.47474240500004,11.572967450000018],[122.47171226500006,11.574492688000023],[122.47229523700003,11.577290071000046],[122.474827763,11.577061573000035],[122.47610227400003,11.578001465000055]]]},"properties":{"adm1_psgc":600000000,"adm2_psgc":600400000,"adm3_psgc":600404000,"adm4_psgc":600404008,"adm4_en":"Ipil","geo_level":"Bgy","len_crs":8941,"area_crs":1872558,"len_km":8,"area_km2":1,"province":"Aklan","municipality":"Batan","municipality_psgc":"600404000","flood_status":"normal"},"id":600404008},{"type":"Feature","geometry":{"type":"Polygon","coordinates":[[[122.44101684200007,11.59407076600007],[122.43904160500007,11.596664880000045],[122.43993905000004,11.599383466000061],[122.43821718400012,11.600748693000067],[122.43522299800007,11.598209682000059],[122.43373764700004,11.59767436100003],[122.42985024100005,11.597914235000076],[122.4283902510001,11.596692053000028],[122.42669343400007,11.597107975000029],[122.42182521800008,11.591415057000061],[122.42480450900007,11.590634675000048],[122.42553318500005,11.588425877000075],[122.42282342100009,11.588129851000074],[122.420819563,11.58881298500006],[122.42002257400007,11.58740117600007],[122.42159378100007,11.585146835000048],[122.42052353800011,11.58332514600005],[122.41808702800006,11.58236875800003],[122.41599208600009,11.580433213000049],[122.41542280800003,11.578133330000073],[122.41417039600005,11.57770067900003],[122.41101886000003,11.576002617000029],[122.41130836600007,11.573024791000025],[122.41315829300004,11.57209634800006],[122.41442031900012,11.569223738000062],[122.41450445400005,11.566952091000074],[122.41599484600009,11.562973707000022],[122.4181920090001,11.554261939000066],[122.42075641200005,11.551219102000061],[122.42818232300009,11.55030634300004],[122.42969927100013,11.548936196000055],[122.43182806200002,11.54965252200003],[122.43065348000006,11.552912068000065],[122.42924663300006,11.554184347000044],[122.43026201000008,11.558013418000028],[122.43081251500007,11.56216055800007],[122.43070241400005,11.566307699000049],[122.43138748700005,11.568570888000066],[122.43146088800007,11.572032955000052],[122.43362620900008,11.573452036000045],[122.43626863500002,11.573660004000033],[122.43999983800006,11.57492005000006],[122.44231359200013,11.577027314000077],[122.4426375590001,11.580027314000061],[122.4392974020001,11.583319096000022],[122.43768666300004,11.586992286000056],[122.43999978200009,11.591096074000065],[122.44101684200007,11.59407076600007]]]},"properties":{"adm1_psgc":600000000,"adm2_psgc":600400000,"adm3_psgc":600404000,"adm4_psgc":600404009,"adm4_en":"Lalab","geo_level":"Bgy","len_crs":22499,"area_crs":10086662,"len_km":22,"area_km2":10,"province":"Aklan","municipality":"Batan","municipality_psgc":"600404000","flood_status":"normal"},"id":600404009},{"type":"Feature","geometry":{"type":"Polygon","coordinates":[[[122.50354631400012,11.562156427000048],[122.49856016900004,11.564767338000022],[122.50031526400005,11.569198953000068],[122.49816527300004,11.57060302900004],[122.4977045600001,11.57356475200004],[122.49547745500001,11.574912562000064],[122.4937303160001,11.570448122000071],[122.48973512700002,11.56671526600007],[122.48980403500002,11.565495912000074],[122.4871455010001,11.56140919000006],[122.4888541480001,11.561141047000035],[122.488892297,11.558521448000024],[122.49015123000004,11.557173499000044],[122.48910847800003,11.555138860000055],[122.48964257100009,11.552519261000045],[122.49149917900003,11.551412926000069],[122.4923511840001,11.549073091000025],[122.49525571200002,11.549127502000033],[122.49807427700011,11.550343102000056],[122.50540483900011,11.551031802000066],[122.50854484100012,11.550798344000045],[122.50866157000006,11.553086226000064],[122.50586008100002,11.557498571000053],[122.50354631400012,11.562156427000048]]]},"properties":{"adm1_psgc":600000000,"adm2_psgc":600400000,"adm3_psgc":600404000,"adm4_psgc":600404010,"adm4_en":"Lupit","geo_level":"Bgy","len_crs":11075,"area_crs":3589716,"len_km":11,"area_km2":3,"province":"Aklan","municipality":"Batan","municipality_psgc":"600404000","flood_status":"normal"},"id":600404010},{"type":"Feature","geometry":{"type":"Polygon","coordinates":[[[122.46744349100004,11.588742303000059],[122.46576468200008,11.592191161000075],[122.46609603,11.595496054000025],[122.46701491900002,11.596404566000045],[122.46747061000006,11.599425351000036],[122.46407298200006,11.59971451300004],[122.46256839600004,11.60078301200002],[122.461151287,11.599983272000026],[122.46160250000003,11.598509859000044],[122.46030573100006,11.592634696000061],[122.45765926100013,11.59078216700004],[122.45337634000008,11.591997769000049],[122.45064611600002,11.592184796000026],[122.44727824000007,11.590136460000053],[122.45029603700004,11.579545273000067],[122.45434997200005,11.577335537000067],[122.45897901700003,11.579530306000038],[122.4626250330001,11.577903823000044],[122.46312766300002,11.579308724000043],[122.46142448100012,11.583263995000038],[122.46402565000007,11.58371637300007],[122.4637052170001,11.585450485000024],[122.46744349100004,11.588742303000059]]]},"properties":{"adm1_psgc":600000000,"adm2_psgc":600400000,"adm3_psgc":600404000,"adm4_psgc":600404011,"adm4_en":"Magpag-ong","geo_level":"Bgy","len_crs":10568,"area_crs":3028782,"len_km":10,"area_km2":3,"province":"Aklan","municipality":"Batan","municipality_psgc":"600404000","flood_status":"normal"},"id":600404011},{"type":"Feature","geometry":{"type":"Polygon","coordinates":[[[122.3967611820001,11.592163494000033],[122.39453786100012,11.595121863000031],[122.3942770640001,11.59714303900006],[122.38990871400006,11.601076727000077],[122.38867008700004,11.603092495000054],[122.38547613300011,11.601090570000054],[122.38335088500004,11.600496752000026],[122.38302916700002,11.59565798500006],[122.38543545200004,11.593512188000032],[122.38805504600009,11.59411144200004],[122.39266074000012,11.593340973000066],[122.39522502300008,11.591944042000021],[122.3967611820001,11.592163494000033]]]},"properties":{"adm1_psgc":600000000,"adm2_psgc":600400000,"adm3_psgc":600404000,"adm4_psgc":600404012,"adm4_en":"Magubahay","geo_level":"Bgy","len_crs":4507,"area_crs":990176,"len_km":4,"area_km2":0,"province":"Aklan","municipality":"Batan","municipality_psgc":"600404000","flood_status":"normal"},"id":600404012},{"type":"Feature","geometry":{"type":"Polygon","coordinates":[[[122.57560132400009,11.552118936000056],[122.57735727300008,11.553467966000028],[122.577149823,11.557681264000053],[122.57431884700009,11.563781681000025],[122.57122674100003,11.566565726000022],[122.5669933590001,11.568594172000076],[122.55564891200004,11.571694971000053],[122.5503431300001,11.574723730000072],[122.5486466410001,11.576479104000043],[122.5469123920001,11.574344520000066],[122.54509396300013,11.569909781000032],[122.54603702100007,11.56582307700006],[122.54718761300002,11.564803566000021],[122.54841563000002,11.561718220000046],[122.54805452600012,11.558719459000029],[122.54929426600006,11.555732912000053],[122.55095548100006,11.55737167800004],[122.552773838,11.556788009000055],[122.55414321900003,11.553622720000025],[122.55755544400004,11.556675764000035],[122.56042889800004,11.556855354000048],[122.56274503700003,11.557735207000064],[122.56863568200004,11.555341867000037],[122.57218688800003,11.552352372000028],[122.57560132400009,11.552118936000056]]]},"properties":{"adm1_psgc":600000000,"adm2_psgc":600400000,"adm3_psgc":600404000,"adm4_psgc":600404013,"adm4_en":"Mambuquiao","geo_level":"Bgy","len_crs":10950,"area_crs":5155291,"len_km":10,"area_km2":5,"province":"Aklan","municipality":"Batan","municipality_psgc":"600404000","flood_status":"normal"},"id":600404013},{"type":"Feature","geometry":{"type":"Polygon","coordinates":[[[122.50854484100012,11.550798344000045],[122.50540483900011,11.551031802000066],[122.49807427700011,11.550343102000056],[122.49525571200002,11.549127502000033],[122.4923511840001,11.549073091000025],[122.49289987300006,11.545072324000046],[122.49605042700011,11.544646575000057],[122.49923213300009,11.538524722000032],[122.49870560200009,11.535816847000035],[122.49961702000006,11.532555364000073],[122.50220410800011,11.532384473000036],[122.50346205000007,11.530395502000031],[122.50349527800006,11.527732463000062],[122.50576872400006,11.528232542000067],[122.50984454200011,11.53036422200006],[122.5115297200001,11.533240015000048],[122.51154803700001,11.535694514000056],[122.51352629000009,11.536940081000068],[122.51473522300012,11.540072314000042],[122.5146802700001,11.543003059000059],[122.51555949400007,11.544706555000062],[122.51325153300002,11.546373416000053],[122.51211586900001,11.549285844000051],[122.50854484100012,11.550798344000045]]]},"properties":{"adm1_psgc":600000000,"adm2_psgc":600400000,"adm3_psgc":600404000,"adm4_psgc":600404014,"adm4_en":"Man-up","geo_level":"Bgy","len_crs":9102,"area_crs":3886009,"len_km":9,"area_km2":3,"province":"Aklan","municipality":"Batan","municipality_psgc":"600404000","flood_status":"normal"},"id":600404014},{"type":"Feature","geometry":{"type":"Polygon","coordinates":[[[122.53133616800005,11.57955402600004],[122.52893139700008,11.579758828000024],[122.52607639400003,11.581015575000036],[122.52285256400012,11.580892633000072],[122.5202844260001,11.582572850000078],[122.51465060300006,11.58446068300003],[122.51022723000005,11.587037663000046],[122.50738458100011,11.586692295000033],[122.50343941100006,11.588671522000027],[122.50126093300003,11.587515865000055],[122.50241196600005,11.584398413000033],[122.5039260640001,11.583278611000022],[122.50999558000002,11.581747338000069],[122.51042649000011,11.580801090000021],[122.51344223400008,11.580366507000065],[122.51760337100008,11.577409593000027],[122.51854445700006,11.574720776000053],[122.5204266290001,11.57287221400003],[122.52442758300003,11.57082425100003],[122.5260790860001,11.57028904200007],[122.52785292300007,11.565670950000024],[122.52955030100007,11.566619035000027],[122.53002434400003,11.568362288000062],[122.53052897000008,11.570671334000053],[122.5338625600001,11.573439131000043],[122.53524171600009,11.575459323000073],[122.53133616800005,11.57955402600004]]]},"properties":{"adm1_psgc":600000000,"adm2_psgc":600400000,"adm3_psgc":600404000,"adm4_psgc":600404015,"adm4_en":"Mandong","geo_level":"Bgy","len_crs":11212,"area_crs":2906415,"len_km":11,"area_km2":2,"province":"Aklan","municipality":"Batan","municipality_psgc":"600404000","flood_status":"normal"},"id":600404015},{"type":"Feature","geometry":{"type":"Polygon","coordinates":[[[122.5486466410001,11.576479104000043],[122.54733151500011,11.57738471500005],[122.53775232800002,11.579268996000051],[122.53591338700005,11.579037963000076],[122.53524171600009,11.575459323000073],[122.5338625600001,11.573439131000043],[122.53052897000008,11.570671334000053],[122.53002434400003,11.568362288000062],[122.53212264500009,11.568796123000027],[122.53281848500002,11.567543611000074],[122.53707429200006,11.567638045000026],[122.54205341600004,11.56373056800004],[122.54285463500003,11.56069399800003],[122.544939139,11.559472048000032],[122.54498408600011,11.558000246000063],[122.54787998800009,11.55548597500007],[122.54929426600006,11.555732912000053],[122.54805452600012,11.558719459000029],[122.54841563000002,11.561718220000046],[122.54718761300002,11.564803566000021],[122.54603702100007,11.56582307700006],[122.54509396300013,11.569909781000032],[122.5469123920001,11.574344520000066],[122.5486466410001,11.576479104000043]]]},"properties":{"adm1_psgc":600000000,"adm2_psgc":600400000,"adm3_psgc":600404000,"adm4_psgc":600404016,"adm4_en":"Napti","geo_level":"Bgy","len_crs":8827,"area_crs":2462953,"len_km":8,"area_km2":2,"province":"Aklan","municipality":"Batan","municipality_psgc":"600404000","flood_status":"normal"},"id":600404016},{"type":"Feature","geometry":{"type":"Polygon","coordinates":[[[122.52955030100007,11.566619035000027],[122.52785292300007,11.565670950000024],[122.5260790860001,11.57028904200007],[122.52442758300003,11.57082425100003],[122.51722519400005,11.564585239000051],[122.51053497300006,11.566698712000061],[122.50465011000004,11.56336534700006],[122.50354631400012,11.562156427000048],[122.50586008100002,11.557498571000053],[122.50866157000006,11.553086226000064],[122.50854484100012,11.550798344000045],[122.51211586900001,11.549285844000051],[122.51325153300002,11.546373416000053],[122.51555949400007,11.544706555000062],[122.5176802100001,11.545073830000034],[122.5202295800001,11.542685686000025],[122.52252703600004,11.544580079000069],[122.52408293800009,11.542504634000066],[122.52576849700006,11.541796211000076],[122.52845325600005,11.543133932000044],[122.53067107900006,11.542951645000072],[122.53127351800003,11.547592333000065],[122.53074371100001,11.552828073000056],[122.53174220000005,11.557566881000069],[122.53085409900007,11.56344626200007],[122.53139587800001,11.56482210100006],[122.52955030100007,11.566619035000027]]]},"properties":{"adm1_psgc":600000000,"adm2_psgc":600400000,"adm3_psgc":600404000,"adm4_psgc":600404017,"adm4_en":"Palay","geo_level":"Bgy","len_crs":11608,"area_crs":6369362,"len_km":11,"area_km2":6,"province":"Aklan","municipality":"Batan","municipality_psgc":"600404000","flood_status":"normal"},"id":600404017},{"type":"Feature","geometry":{"type":"Polygon","coordinates":[[[122.50126093300003,11.587515865000055],[122.49973334200001,11.586785279000022],[122.49776739900007,11.587781534000046],[122.497979933,11.59077030000003],[122.49727591300008,11.59281594300006],[122.49505758400005,11.592749527000024],[122.49391599300009,11.591114823000051],[122.49536130100013,11.588781190000075],[122.49427868200006,11.586223964000052],[122.49457977600002,11.583615393000061],[122.49609693300012,11.584116892000049],[122.49798399600002,11.582786179000035],[122.5004350690001,11.582488811000077],[122.5039260640001,11.583278611000022],[122.50241196600005,11.584398413000033],[122.50126093300003,11.587515865000055]]]},"properties":{"adm1_psgc":600000000,"adm2_psgc":600400000,"adm3_psgc":600404000,"adm4_psgc":600404018,"adm4_en":"Poblacion","geo_level":"Bgy","len_crs":7912,"area_crs":570453,"len_km":7,"area_km2":0,"province":"Aklan","municipality":"Batan","municipality_psgc":"600404000","flood_status":"normal"},"id":600404018},{"type":"Feature","geometry":{"type":"Polygon","coordinates":[[[122.53133616800005,11.57955402600004],[122.52704990200004,11.58406143700006],[122.51687617900006,11.58847550100006],[122.50787030400011,11.592123358000038],[122.5019472550001,11.593903060000057],[122.49664015600001,11.59495080000005],[122.49387268000011,11.593317369000033],[122.49391599300009,11.591114823000051],[122.49505758400005,11.592749527000024],[122.49727591300008,11.59281594300006],[122.497979933,11.59077030000003],[122.49776739900007,11.587781534000046],[122.49973334200001,11.586785279000022],[122.50126093300003,11.587515865000055],[122.50343941100006,11.588671522000027],[122.50738458100011,11.586692295000033],[122.51022723000005,11.587037663000046],[122.51465060300006,11.58446068300003],[122.5202844260001,11.582572850000078],[122.52285256400012,11.580892633000072],[122.52607639400003,11.581015575000036],[122.52893139700008,11.579758828000024],[122.53133616800005,11.57955402600004]]]},"properties":{"adm1_psgc":600000000,"adm2_psgc":600400000,"adm3_psgc":600404000,"adm4_psgc":600404019,"adm4_en":"Songcolan","geo_level":"Bgy","len_crs":11306,"area_crs":1996473,"len_km":11,"area_km2":1,"province":"Aklan","municipality":"Batan","municipality_psgc":"600404000","flood_status":"normal"},"id":600404019},{"type":"Feature","geometry":{"type":"Polygon","coordinates":[[[122.47449542600009,11.570066494000057],[122.47537608200003,11.566124208000074],[122.47305194600006,11.564429408000022],[122.47636030400008,11.562657814000033],[122.48305983900002,11.562633574000074],[122.48486193400004,11.564169558000058],[122.48585917200012,11.567123643000055],[122.48757872600004,11.56955936400004],[122.4869915810001,11.571760754000023],[122.48529753400008,11.572223093000048],[122.48473157500008,11.575115965000062],[122.47751157900008,11.57942730800005],[122.47610227400003,11.578001465000055],[122.474827763,11.577061573000035],[122.47229523700003,11.577290071000046],[122.47171226500006,11.574492688000023],[122.47474240500004,11.572967450000018],[122.47449542600009,11.570066494000057]]]},"properties":{"adm1_psgc":600000000,"adm2_psgc":600400000,"adm3_psgc":600404000,"adm4_psgc":600404020,"adm4_en":"Tabon","geo_level":"Bgy","len_crs":10518,"area_crs":2080278,"len_km":10,"area_km2":2,"province":"Aklan","municipality":"Batan","municipality_psgc":"600404000","flood_status":"normal"},"id":600404020},{"type":"Feature","geometry":{"type":"Polygon","coordinates":[[[121.889928628,11.847716241000057],[121.8894019500001,11.85649949400005],[121.88343259700002,11.858170173000074],[121.8834896620001,11.854602827000067],[121.88700293000012,11.852557714000055],[121.88874215400006,11.846740435000074],[121.889928628,11.847716241000057]]]},"properties":{"adm1_psgc":600000000,"adm2_psgc":600400000,"adm3_psgc":600405000,"adm4_psgc":600405001,"adm4_en":"Alegria","geo_level":"Bgy","len_crs":4218,"area_crs":458694,"len_km":4,"area_km2":0,"province":"Aklan","municipality":"Buruanga","municipality_psgc":"600405000","flood_status":"normal"},"id":600405001},{"type":"Feature","geometry":{"type":"Polygon","coordinates":[[[121.88194273700003,11.779957265000062],[121.87712301400006,11.785775156000055],[121.87072349700007,11.77821340200006],[121.86685932300009,11.776783353000038],[121.86243654200007,11.781601876000023],[121.8531859950001,11.774352651000072],[121.84359594500006,11.764169970000067],[121.86717004600007,11.76832618200007],[121.8777692450001,11.771529970000076],[121.88194273700003,11.779957265000062]]]},"properties":{"adm1_psgc":600000000,"adm2_psgc":600400000,"adm3_psgc":600405000,"adm4_psgc":600405002,"adm4_en":"Bagongbayan","geo_level":"Bgy","len_crs":11100,"area_crs":4015240,"len_km":11,"area_km2":4,"province":"Aklan","municipality":"Buruanga","municipality_psgc":"600405000","flood_status":"normal"},"id":600405002},{"type":"Feature","geometry":{"type":"Polygon","coordinates":[[[121.88941505500009,11.868381734000025],[121.8860785080001,11.864311496000026],[121.88235638000003,11.864039213000071],[121.88343259700002,11.858170173000074],[121.8894019500001,11.85649949400005],[121.889928628,11.847716241000057],[121.89169032000008,11.84736563400003],[121.89735364400008,11.848478801000052],[121.89871782500008,11.853972605000024],[121.89239437300012,11.860257302000033],[121.8913764240001,11.868410381000047],[121.88941505500009,11.868381734000025]]]},"properties":{"adm1_psgc":600000000,"adm2_psgc":600400000,"adm3_psgc":600405000,"adm4_psgc":600405003,"adm4_en":"Balusbos","geo_level":"Bgy","len_crs":8134,"area_crs":1999690,"len_km":8,"area_km2":1,"province":"Aklan","municipality":"Buruanga","municipality_psgc":"600405000","flood_status":"normal"},"id":600405003},{"type":"Feature","geometry":{"type":"Polygon","coordinates":[[[121.89389741700008,11.884622244000072],[121.8861947480001,11.892650298000033],[121.88197357400009,11.884735659000057],[121.88385235400006,11.877195111000049],[121.87970113300003,11.868110860000058],[121.88235638000003,11.864039213000071],[121.8860785080001,11.864311496000026],[121.88941505500009,11.868381734000025],[121.89389741700008,11.884622244000072]]]},"properties":{"adm1_psgc":600000000,"adm2_psgc":600400000,"adm3_psgc":600405000,"adm4_psgc":600405004,"adm4_en":"Bel-is","geo_level":"Bgy","len_crs":9916,"area_crs":2813006,"len_km":9,"area_km2":2,"province":"Aklan","municipality":"Buruanga","municipality_psgc":"600405000","flood_status":"normal"},"id":600405004},{"type":"Feature","geometry":{"type":"Polygon","coordinates":[[[121.91902229300003,11.846456559000043],[121.92154772900007,11.84907144000005],[121.92142253800012,11.856007071000022],[121.91603371300005,11.859252757000034],[121.90782548900005,11.853795722000028],[121.9013375950001,11.857002426000065],[121.89871782500008,11.853972605000024],[121.89735364400008,11.848478801000052],[121.90815887100008,11.848735419000036],[121.90965648600002,11.845098355000061],[121.91902229300003,11.846456559000043]]]},"properties":{"adm1_psgc":600000000,"adm2_psgc":600400000,"adm3_psgc":600405000,"adm4_psgc":600405005,"adm4_en":"Cabugan","geo_level":"Bgy","len_crs":8899,"area_crs":2519249,"len_km":8,"area_km2":2,"province":"Aklan","municipality":"Buruanga","municipality_psgc":"600405000","flood_status":"normal"},"id":600405005},{"type":"Feature","geometry":{"type":"Polygon","coordinates":[[[121.91902229300003,11.846456559000043],[121.90965648600002,11.845098355000061],[121.90815887100008,11.848735419000036],[121.89735364400008,11.848478801000052],[121.89169032000008,11.84736563400003],[121.89203172400006,11.845798087000045],[121.89843431100007,11.84120906700002],[121.90211490100012,11.842274189000022],[121.90683596300005,11.83558028600004],[121.91683894100004,11.82861214300004],[121.91763694700002,11.83819910900007],[121.92178900100009,11.83930922800005],[121.91902229300003,11.846456559000043]]]},"properties":{"adm1_psgc":600000000,"adm2_psgc":600400000,"adm3_psgc":600405000,"adm4_psgc":600405006,"adm4_en":"El Progreso","geo_level":"Bgy","len_crs":10894,"area_crs":3211880,"len_km":10,"area_km2":3,"province":"Aklan","municipality":"Buruanga","municipality_psgc":"600405000","flood_status":"normal"},"id":600405006},{"type":"Feature","geometry":{"type":"Polygon","coordinates":[[[121.92106813100007,11.86513000600007],[121.91233372000012,11.869106648000068],[121.90572223800007,11.870509535000053],[121.90231632500002,11.865489195000062],[121.8937389780001,11.865745236000066],[121.8913764240001,11.868410381000047],[121.89239437300012,11.860257302000033],[121.89871782500008,11.853972605000024],[121.9013375950001,11.857002426000065],[121.90782548900005,11.853795722000028],[121.91603371300005,11.859252757000034],[121.92106813100007,11.86513000600007]]]},"properties":{"adm1_psgc":600000000,"adm2_psgc":600400000,"adm3_psgc":600405000,"adm4_psgc":600405007,"adm4_en":"Habana","geo_level":"Bgy","len_crs":9734,"area_crs":3352944,"len_km":9,"area_km2":3,"province":"Aklan","municipality":"Buruanga","municipality_psgc":"600405000","flood_status":"normal"},"id":600405007},{"type":"Feature","geometry":{"type":"Polygon","coordinates":[[[121.8996504270001,11.822754373000064],[121.89500916700003,11.828275356000061],[121.89271253600009,11.833862104000048],[121.89375763200007,11.837474781000024],[121.8917152800001,11.84124617200007],[121.88720234900006,11.840124710000053],[121.88225247300011,11.833468579000055],[121.8825497670001,11.824001789000022],[121.88495774500007,11.821893638000061],[121.8921253100001,11.820651841000025],[121.8996504270001,11.822754373000064]]]},"properties":{"adm1_psgc":600000000,"adm2_psgc":600400000,"adm3_psgc":600405000,"adm4_psgc":600405008,"adm4_en":"Katipunan","geo_level":"Bgy","len_crs":7306,"area_crs":2588605,"len_km":7,"area_km2":2,"province":"Aklan","municipality":"Buruanga","municipality_psgc":"600405000","flood_status":"normal"},"id":600405008},{"type":"Feature","geometry":{"type":"Polygon","coordinates":[[[121.90572223800007,11.870509535000053],[121.90272414000003,11.872717520000037],[121.89389741700008,11.884622244000072],[121.88941505500009,11.868381734000025],[121.8913764240001,11.868410381000047],[121.8937389780001,11.865745236000066],[121.90231632500002,11.865489195000062],[121.90572223800007,11.870509535000053]]]},"properties":{"adm1_psgc":600000000,"adm2_psgc":600400000,"adm3_psgc":600405000,"adm4_psgc":600405009,"adm4_en":"Mayapay","geo_level":"Bgy","len_crs":6659,"area_crs":2106696,"len_km":6,"area_km2":2,"province":"Aklan","municipality":"Buruanga","municipality_psgc":"600405000","flood_status":"normal"},"id":600405009},{"type":"Feature","geometry":{"type":"Polygon","coordinates":[[[121.91683894100004,11.82861214300004],[121.90683596300005,11.83558028600004],[121.90211490100012,11.842274189000022],[121.89843431100007,11.84120906700002],[121.89203172400006,11.845798087000045],[121.8917152800001,11.84124617200007],[121.89375763200007,11.837474781000024],[121.89271253600009,11.833862104000048],[121.89500916700003,11.828275356000061],[121.8996504270001,11.822754373000064],[121.90685592900003,11.816293106000046],[121.911787537,11.809584521000035],[121.91524676400003,11.807790202000033],[121.91785145200005,11.809015477000056],[121.9209763240001,11.814822636000029],[121.92187038000009,11.820705598000073],[121.91683894100004,11.82861214300004]]]},"properties":{"adm1_psgc":600000000,"adm2_psgc":600400000,"adm3_psgc":600405000,"adm4_psgc":600405010,"adm4_en":"Nazareth","geo_level":"Bgy","len_crs":12336,"area_crs":6676273,"len_km":12,"area_km2":6,"province":"Aklan","municipality":"Buruanga","municipality_psgc":"600405000","flood_status":"normal"},"id":600405010},{"type":"Feature","geometry":{"type":"Polygon","coordinates":[[[121.90380822800012,11.799311806000047],[121.89948057400011,11.804800432000032],[121.89162815400005,11.812008429000056],[121.88045026900012,11.816020968000032],[121.8788387830001,11.810293],[121.87505958100007,11.805258493000055],[121.87358103600002,11.799655672000025],[121.86696578400004,11.791125187000034],[121.8729021910001,11.786830361000057],[121.87712301400006,11.785775156000055],[121.88194273700003,11.779957265000062],[121.89276889900009,11.799825263000061],[121.89653425100005,11.800852179000058],[121.90380822800012,11.799311806000047]]]},"properties":{"adm1_psgc":600000000,"adm2_psgc":600400000,"adm3_psgc":600405000,"adm4_psgc":600405011,"adm4_en":"Panilongan","geo_level":"Bgy","len_crs":13129,"area_crs":6732607,"len_km":13,"area_km2":6,"province":"Aklan","municipality":"Buruanga","municipality_psgc":"600405000","flood_status":"normal"},"id":600405011},{"type":"Feature","geometry":{"type":"Polygon","coordinates":[[[121.89169032000008,11.84736563400003],[121.889928628,11.847716241000057],[121.88874215400006,11.846740435000074],[121.88720234900006,11.840124710000053],[121.8917152800001,11.84124617200007],[121.89203172400006,11.845798087000045],[121.89169032000008,11.84736563400003]]]},"properties":{"adm1_psgc":600000000,"adm2_psgc":600400000,"adm3_psgc":600405000,"adm4_psgc":600405012,"adm4_en":"Poblacion","geo_level":"Bgy","len_crs":3018,"area_crs":249104,"len_km":3,"area_km2":0,"province":"Aklan","municipality":"Buruanga","municipality_psgc":"600405000","flood_status":"normal"},"id":600405012},{"type":"Feature","geometry":{"type":"Polygon","coordinates":[[[121.87712301400006,11.785775156000055],[121.8729021910001,11.786830361000057],[121.86696578400004,11.791125187000034],[121.86243654200007,11.781601876000023],[121.86685932300009,11.776783353000038],[121.87072349700007,11.77821340200006],[121.87712301400006,11.785775156000055]]]},"properties":{"adm1_psgc":600000000,"adm2_psgc":600400000,"adm3_psgc":600405000,"adm4_psgc":600405013,"adm4_en":"Santander","geo_level":"Bgy","len_crs":4931,"area_crs":1389434,"len_km":4,"area_km2":1,"province":"Aklan","municipality":"Buruanga","municipality_psgc":"600405000","flood_status":"normal"},"id":600405013},{"type":"Feature","geometry":{"type":"Polygon","coordinates":[[[121.91785145200005,11.809015477000056],[121.92662548400006,11.81673691100002],[121.93343850300005,11.821365564000075],[121.93922150800007,11.82321341000005],[121.96455149200006,11.824228216000051],[121.96754248800006,11.823849226000048],[121.98013749200003,11.826667973000044],[121.99037648900003,11.827633858000071],[122.00332330500011,11.825534597000058],[121.99620779800011,11.83321783100007],[121.98186323900006,11.84218791200004],[121.96918401100004,11.847070361000018],[121.9649449850001,11.851536477000025],[121.94670992800002,11.857948328000075],[121.9333560460001,11.858689274000026],[121.92106813100007,11.86513000600007],[121.91603371300005,11.859252757000034],[121.92142253800012,11.856007071000022],[121.92154772900007,11.84907144000005],[121.91902229300003,11.846456559000043],[121.92178900100009,11.83930922800005],[121.91763694700002,11.83819910900007],[121.91683894100004,11.82861214300004],[121.92187038000009,11.820705598000073],[121.9209763240001,11.814822636000029],[121.91785145200005,11.809015477000056]]]},"properties":{"adm1_psgc":600000000,"adm2_psgc":600400000,"adm3_psgc":600405000,"adm4_psgc":600405014,"adm4_en":"Tag-osip","geo_level":"Bgy","len_crs":28453,"area_crs":26414694,"len_km":28,"area_km2":26,"province":"Aklan","municipality":"Buruanga","municipality_psgc":"600405000","flood_status":"normal"},"id":600405014},{"type":"Feature","geometry":{"type":"Polygon","coordinates":[[[121.8996504270001,11.822754373000064],[121.8921253100001,11.820651841000025],[121.88495774500007,11.821893638000061],[121.8825497670001,11.824001789000022],[121.88045026900012,11.816020968000032],[121.89162815400005,11.812008429000056],[121.89948057400011,11.804800432000032],[121.90380822800012,11.799311806000047],[121.91524676400003,11.807790202000033],[121.911787537,11.809584521000035],[121.90685592900003,11.816293106000046],[121.8996504270001,11.822754373000064]]]},"properties":{"adm1_psgc":600000000,"adm2_psgc":600400000,"adm3_psgc":600405000,"adm4_psgc":600405015,"adm4_en":"Tigum","geo_level":"Bgy","len_crs":10760,"area_crs":4603202,"len_km":10,"area_km2":4,"province":"Aklan","municipality":"Buruanga","municipality_psgc":"600405000","flood_status":"normal"},"id":600405015},{"type":"Feature","geometry":{"type":"Polygon","coordinates":[[[122.15262559200006,11.825000916000022],[122.13019691400007,11.82617700800006],[122.13800297400009,11.810301389000074],[122.14025344900007,11.800355535000053],[122.1478173280001,11.797177318000026],[122.15509450600007,11.801495089000069],[122.15423150400011,11.812328397000046],[122.15453043700005,11.821436362000044],[122.15262559200006,11.825000916000022]]]},"properties":{"adm1_psgc":600000000,"adm2_psgc":600400000,"adm3_psgc":600406000,"adm4_psgc":600406001,"adm4_en":"Agbago","geo_level":"Bgy","len_crs":12688,"area_crs":5602924,"len_km":12,"area_km2":5,"province":"Aklan","municipality":"Ibajay","municipality_psgc":"600406000","flood_status":"normal"},"id":600406001},{"type":"Feature","geometry":{"type":"Polygon","coordinates":[[[122.16768480700011,11.771655062000036],[122.1597200010001,11.77500247700004],[122.15409701100009,11.769605281000056],[122.14600394500007,11.76771635600005],[122.14035267500005,11.763775151000063],[122.15647591200002,11.756762532000039],[122.16714476400011,11.760574864000032],[122.16224713100006,11.769420400000055],[122.16768480700011,11.771655062000036]]]},"properties":{"adm1_psgc":600000000,"adm2_psgc":600400000,"adm3_psgc":600406000,"adm4_psgc":600406002,"adm4_en":"Agdugayan","geo_level":"Bgy","len_crs":9111,"area_crs":3217698,"len_km":9,"area_km2":3,"province":"Aklan","municipality":"Ibajay","municipality_psgc":"600406000","flood_status":"normal"},"id":600406002},{"type":"Feature","geometry":{"type":"Polygon","coordinates":[[[122.13367542600007,11.796505554000023],[122.12198433600008,11.808539290000054],[122.11782942300012,11.803514155000071],[122.1131183330001,11.786299544000029],[122.10673924000002,11.78149959500007],[122.11963507500002,11.773013674000028],[122.13172591400009,11.780279623000068],[122.13367542600007,11.796505554000023]]]},"properties":{"adm1_psgc":600000000,"adm2_psgc":600400000,"adm3_psgc":600406000,"adm4_psgc":600406003,"adm4_en":"Antipolo","geo_level":"Bgy","len_crs":11039,"area_crs":6468031,"len_km":11,"area_km2":6,"province":"Aklan","municipality":"Ibajay","municipality_psgc":"600406000","flood_status":"normal"},"id":600406003},{"type":"Feature","geometry":{"type":"Polygon","coordinates":[[[122.20697544400002,11.682772149000074],[122.20091473200011,11.704206308000037],[122.18821204400001,11.70255472200006],[122.18664108300004,11.698557321000067],[122.17379254600009,11.694161722000045],[122.1706523490001,11.685672361000057],[122.16340885500007,11.677878889000056],[122.17904053000008,11.678624308000053],[122.18673791100002,11.67716619400005],[122.1905407580001,11.681633466000049],[122.20697544400002,11.682772149000074]]]},"properties":{"adm1_psgc":600000000,"adm2_psgc":600400000,"adm3_psgc":600406000,"adm4_psgc":600406004,"adm4_en":"Aparicio","geo_level":"Bgy","len_crs":13556,"area_crs":8114381,"len_km":13,"area_km2":8,"province":"Aklan","municipality":"Ibajay","municipality_psgc":"600406000","flood_status":"normal"},"id":600406004},{"type":"Feature","geometry":{"type":"Polygon","coordinates":[[[122.11754673400004,11.827777690000062],[122.10169358200005,11.829836091000058],[122.0968292110001,11.82098131600003],[122.09612487700007,11.805848799000048],[122.10116193500005,11.800427559000068],[122.10673924000002,11.78149959500007],[122.1131183330001,11.786299544000029],[122.11782942300012,11.803514155000071],[122.11621379000009,11.809290781000072],[122.11754673400004,11.827777690000062]]]},"properties":{"adm1_psgc":600000000,"adm2_psgc":600400000,"adm3_psgc":600406000,"adm4_psgc":600406005,"adm4_en":"Aquino","geo_level":"Bgy","len_crs":13877,"area_crs":9162816,"len_km":13,"area_km2":9,"province":"Aklan","municipality":"Ibajay","municipality_psgc":"600406000","flood_status":"normal"},"id":600406005},{"type":"Feature","geometry":{"type":"Polygon","coordinates":[[[122.16012784100009,11.825584730000058],[122.15262559200006,11.825000916000022],[122.15453043700005,11.821436362000044],[122.16012784100009,11.825584730000058]]]},"properties":{"adm1_psgc":600000000,"adm2_psgc":600400000,"adm3_psgc":600406000,"adm4_psgc":600406006,"adm4_en":"Aslum","geo_level":"Bgy","len_crs":2731,"area_crs":285502,"len_km":2,"area_km2":0,"province":"Aklan","municipality":"Ibajay","municipality_psgc":"600406000","flood_status":"normal"},"id":600406006},{"type":"Feature","geometry":{"type":"Polygon","coordinates":[[[122.1713347540001,11.782977347000042],[122.16695854300009,11.791450439000075],[122.16962151400004,11.797130204000043],[122.16183953500001,11.795815262000072],[122.163378265,11.785757242000047],[122.1713347540001,11.782977347000042]]]},"properties":{"adm1_psgc":600000000,"adm2_psgc":600400000,"adm3_psgc":600406000,"adm4_psgc":600406007,"adm4_en":"Bagacay","geo_level":"Bgy","len_crs":5532,"area_crs":881052,"len_km":5,"area_km2":0,"province":"Aklan","municipality":"Ibajay","municipality_psgc":"600406000","flood_status":"normal"},"id":600406007},{"type":"Feature","geometry":{"type":"Polygon","coordinates":[[[122.15509450600007,11.801495089000069],[122.1478173280001,11.797177318000026],[122.1431369940001,11.786701699000046],[122.13698532800004,11.781074593000026],[122.14511784500006,11.783027161000062],[122.15529174000005,11.786489679000056],[122.15690631900009,11.799368080000022],[122.15509450600007,11.801495089000069]]]},"properties":{"adm1_psgc":600000000,"adm2_psgc":600400000,"adm3_psgc":600406000,"adm4_psgc":600406008,"adm4_en":"Batuan","geo_level":"Bgy","len_crs":7995,"area_crs":2330283,"len_km":7,"area_km2":2,"province":"Aklan","municipality":"Ibajay","municipality_psgc":"600406000","flood_status":"normal"},"id":600406008},{"type":"Feature","geometry":{"type":"Polygon","coordinates":[[[122.18704059700008,11.805636994000052],[122.17860461100008,11.807211796000047],[122.17146902700004,11.804255077000049],[122.17337181800006,11.800817164000023],[122.17485417100009,11.792628843000047],[122.18225445600001,11.790821581000046],[122.18704059700008,11.805636994000052]]]},"properties":{"adm1_psgc":600000000,"adm2_psgc":600400000,"adm3_psgc":600406000,"adm4_psgc":600406009,"adm4_en":"Buenavista","geo_level":"Bgy","len_crs":6483,"area_crs":2076740,"len_km":6,"area_km2":2,"province":"Aklan","municipality":"Ibajay","municipality_psgc":"600406000","flood_status":"normal"},"id":600406009},{"type":"Feature","geometry":{"type":"Polygon","coordinates":[[[122.21786123100004,11.797950285000072],[122.22183007800004,11.813700832000054],[122.21318840200001,11.808786634000056],[122.20025332200011,11.806411420000074],[122.20595802400008,11.800297782000031],[122.21786123100004,11.797950285000072]]]},"properties":{"adm1_psgc":600000000,"adm2_psgc":600400000,"adm3_psgc":600406000,"adm4_psgc":600406010,"adm4_en":"Bugtongbato","geo_level":"Bgy","len_crs":7686,"area_crs":2095512,"len_km":7,"area_km2":2,"province":"Aklan","municipality":"Ibajay","municipality_psgc":"600406000","flood_status":"normal"},"id":600406010},{"type":"Feature","geometry":{"type":"Polygon","coordinates":[[[122.20696109400002,11.758254922000047],[122.19777655900009,11.756024],[122.19096511400004,11.762945280000052],[122.18527556400011,11.762794862000023],[122.18636663100006,11.747318169000035],[122.188672773,11.73598831700002],[122.19943535800007,11.73593122100004],[122.19986357800009,11.746208491000063],[122.20674363900002,11.750176658000045],[122.20696109400002,11.758254922000047]]]},"properties":{"adm1_psgc":600000000,"adm2_psgc":600400000,"adm3_psgc":600406000,"adm4_psgc":600406011,"adm4_en":"Cabugao","geo_level":"Bgy","len_crs":11099,"area_crs":4413193,"len_km":11,"area_km2":4,"province":"Aklan","municipality":"Ibajay","municipality_psgc":"600406000","flood_status":"normal"},"id":600406011},{"type":"Feature","geometry":{"type":"Polygon","coordinates":[[[122.16183953500001,11.795815262000072],[122.15690631900009,11.799368080000022],[122.15529174000005,11.786489679000056],[122.15936295100005,11.782769361000021],[122.163378265,11.785757242000047],[122.16183953500001,11.795815262000072]]]},"properties":{"adm1_psgc":600000000,"adm2_psgc":600400000,"adm3_psgc":600406000,"adm4_psgc":600406012,"adm4_en":"Capilijan","geo_level":"Bgy","len_crs":5467,"area_crs":916065,"len_km":5,"area_km2":0,"province":"Aklan","municipality":"Ibajay","municipality_psgc":"600406000","flood_status":"normal"},"id":600406012},{"type":"Feature","geometry":{"type":"Polygon","coordinates":[[[122.17858137400005,11.816800868000032],[122.16758312700006,11.818307901000024],[122.16808247700011,11.815495284000063],[122.17426482000008,11.815508141000066],[122.17858137400005,11.816800868000032]]]},"properties":{"adm1_psgc":600000000,"adm2_psgc":600400000,"adm3_psgc":600406000,"adm4_psgc":600406013,"adm4_en":"Colongcolong","geo_level":"Bgy","len_crs":5107,"area_crs":704649,"len_km":5,"area_km2":0,"province":"Aklan","municipality":"Ibajay","municipality_psgc":"600406000","flood_status":"normal"},"id":600406013},{"type":"Feature","geometry":{"type":"Polygon","coordinates":[[[122.16096514200002,11.806251491000067],[122.16280517500003,11.816851522000034],[122.15423150400011,11.812328397000046],[122.15509450600007,11.801495089000069],[122.15690631900009,11.799368080000022],[122.16183953500001,11.795815262000072],[122.16962151400004,11.797130204000043],[122.16908147000004,11.798322024000074],[122.16096514200002,11.806251491000067]]]},"properties":{"adm1_psgc":600000000,"adm2_psgc":600400000,"adm3_psgc":600406000,"adm4_psgc":600406014,"adm4_en":"Laguinbanwa","geo_level":"Bgy","len_crs":8085,"area_crs":1744511,"len_km":8,"area_km2":1,"province":"Aklan","municipality":"Ibajay","municipality_psgc":"600406000","flood_status":"normal"},"id":600406014},{"type":"Feature","geometry":{"type":"Polygon","coordinates":[[[122.14511784500006,11.783027161000062],[122.13698532800004,11.781074593000026],[122.13172591400009,11.780279623000068],[122.11963507500002,11.773013674000028],[122.1281677500001,11.763640585000076],[122.14035267500005,11.763775151000063],[122.14600394500007,11.76771635600005],[122.13710900500007,11.773817130000056],[122.14511784500006,11.783027161000062]]]},"properties":{"adm1_psgc":600000000,"adm2_psgc":600400000,"adm3_psgc":600406000,"adm4_psgc":600406015,"adm4_en":"Mabusao","geo_level":"Bgy","len_crs":10523,"area_crs":3528758,"len_km":10,"area_km2":3,"province":"Aklan","municipality":"Ibajay","municipality_psgc":"600406000","flood_status":"normal"},"id":600406015},{"type":"Feature","geometry":{"type":"Polygon","coordinates":[[[122.18821204400001,11.70255472200006],[122.18536403600001,11.70769567600007],[122.17401514200004,11.70554603100004],[122.17379254600009,11.694161722000045],[122.18664108300004,11.698557321000067],[122.18821204400001,11.70255472200006]]]},"properties":{"adm1_psgc":600000000,"adm2_psgc":600400000,"adm3_psgc":600406000,"adm4_psgc":600406016,"adm4_en":"Malindog","geo_level":"Bgy","len_crs":5495,"area_crs":1721218,"len_km":5,"area_km2":1,"province":"Aklan","municipality":"Ibajay","municipality_psgc":"600406000","flood_status":"normal"},"id":600406016},{"type":"Feature","geometry":{"type":"Polygon","coordinates":[[[122.15529174000005,11.786489679000056],[122.14511784500006,11.783027161000062],[122.13710900500007,11.773817130000056],[122.14600394500007,11.76771635600005],[122.15409701100009,11.769605281000056],[122.1597200010001,11.77500247700004],[122.15936295100005,11.782769361000021],[122.15529174000005,11.786489679000056]]]},"properties":{"adm1_psgc":600000000,"adm2_psgc":600400000,"adm3_psgc":600406000,"adm4_psgc":600406017,"adm4_en":"Maloco","geo_level":"Bgy","len_crs":8804,"area_crs":3014214,"len_km":8,"area_km2":3,"province":"Aklan","municipality":"Ibajay","municipality_psgc":"600406000","flood_status":"normal"},"id":600406017},{"type":"Feature","geometry":{"type":"Polygon","coordinates":[[[122.20697544400002,11.682772149000074],[122.1905407580001,11.681633466000049],[122.18673791100002,11.67716619400005],[122.17904053000008,11.678624308000053],[122.16340885500007,11.677878889000056],[122.14560747800012,11.654464238000061],[122.15077512900007,11.653316183000072],[122.17406526100001,11.655511906000074],[122.19770625800005,11.647076036000044],[122.2133011100001,11.647686943000053],[122.21665330400003,11.65353179300007],[122.21256441800007,11.668958631000065],[122.20697544400002,11.682772149000074]]]},"properties":{"adm1_psgc":600000000,"adm2_psgc":600400000,"adm3_psgc":600406000,"adm4_psgc":600406018,"adm4_en":"Mina-a","geo_level":"Bgy","len_crs":20687,"area_crs":19707634,"len_km":20,"area_km2":19,"province":"Aklan","municipality":"Ibajay","municipality_psgc":"600406000","flood_status":"normal"},"id":600406018},{"type":"Feature","geometry":{"type":"Polygon","coordinates":[[[122.20191398600004,11.713312154000048],[122.19560669400005,11.716299818000035],[122.18686815400008,11.728747286000042],[122.17238569400001,11.720495239000057],[122.17401514200004,11.70554603100004],[122.18536403600001,11.70769567600007],[122.18821204400001,11.70255472200006],[122.20091473200011,11.704206308000037],[122.20191398600004,11.713312154000048]]]},"properties":{"adm1_psgc":600000000,"adm2_psgc":600400000,"adm3_psgc":600406000,"adm4_psgc":600406019,"adm4_en":"Monlaque","geo_level":"Bgy","len_crs":11777,"area_crs":6035535,"len_km":11,"area_km2":6,"province":"Aklan","municipality":"Ibajay","municipality_psgc":"600406000","flood_status":"normal"},"id":600406019},{"type":"Feature","geometry":{"type":"Polygon","coordinates":[[[122.18467788600002,11.769125165000045],[122.16768480700011,11.771655062000036],[122.16224713100006,11.769420400000055],[122.16714476400011,11.760574864000032],[122.15647591200002,11.756762532000039],[122.1554060860001,11.74678345900003],[122.160715363,11.741899440000054],[122.18127755900004,11.749260072000027],[122.18636663100006,11.747318169000035],[122.18527556400011,11.762794862000023],[122.18467788600002,11.769125165000045]]]},"properties":{"adm1_psgc":600000000,"adm2_psgc":600400000,"adm3_psgc":600406000,"adm4_psgc":600406020,"adm4_en":"Naile","geo_level":"Bgy","len_crs":13474,"area_crs":7551815,"len_km":13,"area_km2":7,"province":"Aklan","municipality":"Ibajay","municipality_psgc":"600406000","flood_status":"normal"},"id":600406020},{"type":"Feature","geometry":{"type":"Polygon","coordinates":[[[122.18927353000004,11.810914823000074],[122.18704059700008,11.805636994000052],[122.18225445600001,11.790821581000046],[122.18733654000005,11.782500914000025],[122.1959063290001,11.793412448000026],[122.2064377820001,11.791011040000058],[122.21695818700003,11.792141897000022],[122.21786123100004,11.797950285000072],[122.20595802400008,11.800297782000031],[122.20025332200011,11.806411420000074],[122.18927353000004,11.810914823000074]]]},"properties":{"adm1_psgc":600000000,"adm2_psgc":600400000,"adm3_psgc":600406000,"adm4_psgc":600406021,"adm4_en":"Naisud","geo_level":"Bgy","len_crs":13349,"area_crs":5330339,"len_km":13,"area_km2":5,"province":"Aklan","municipality":"Ibajay","municipality_psgc":"600406000","flood_status":"normal"},"id":600406021},{"type":"Feature","geometry":{"type":"Polygon","coordinates":[[[122.18467788600002,11.769125165000045],[122.1858739920001,11.778786029000061],[122.1651894350001,11.77865700100005],[122.16768480700011,11.771655062000036],[122.18467788600002,11.769125165000045]]]},"properties":{"adm1_psgc":600000000,"adm2_psgc":600400000,"adm3_psgc":600406000,"adm4_psgc":600406022,"adm4_en":"Naligusan","geo_level":"Bgy","len_crs":6589,"area_crs":1865521,"len_km":6,"area_km2":1,"province":"Aklan","municipality":"Ibajay","municipality_psgc":"600406000","flood_status":"normal"},"id":600406022},{"type":"Feature","geometry":{"type":"Polygon","coordinates":[[[122.126813878,11.826661964000039],[122.11754673400004,11.827777690000062],[122.11621379000009,11.809290781000072],[122.11782942300012,11.803514155000071],[122.12198433600008,11.808539290000054],[122.126813878,11.826661964000039]]]},"properties":{"adm1_psgc":600000000,"adm2_psgc":600400000,"adm3_psgc":600406000,"adm4_psgc":600406023,"adm4_en":"Ondoy","geo_level":"Bgy","len_crs":7281,"area_crs":1945381,"len_km":7,"area_km2":1,"province":"Aklan","municipality":"Ibajay","municipality_psgc":"600406000","flood_status":"normal"},"id":600406023},{"type":"Feature","geometry":{"type":"Polygon","coordinates":[[[122.16555575700012,11.822504499000045],[122.16012784100009,11.825584730000058],[122.15453043700005,11.821436362000044],[122.15423150400011,11.812328397000046],[122.16280517500003,11.816851522000034],[122.16555575700012,11.822504499000045]]]},"properties":{"adm1_psgc":600000000,"adm2_psgc":600400000,"adm3_psgc":600406000,"adm4_psgc":600406024,"adm4_en":"Poblacion","geo_level":"Bgy","len_crs":5405,"area_crs":1053697,"len_km":5,"area_km2":1,"province":"Aklan","municipality":"Ibajay","municipality_psgc":"600406000","flood_status":"normal"},"id":600406024},{"type":"Feature","geometry":{"type":"Polygon","coordinates":[[[122.16758312700006,11.818307901000024],[122.16555575700012,11.822504499000045],[122.16280517500003,11.816851522000034],[122.16096514200002,11.806251491000067],[122.16808247700011,11.815495284000063],[122.16758312700006,11.818307901000024]]]},"properties":{"adm1_psgc":600000000,"adm2_psgc":600400000,"adm3_psgc":600406000,"adm4_psgc":600406025,"adm4_en":"Polo","geo_level":"Bgy","len_crs":5343,"area_crs":615061,"len_km":5,"area_km2":0,"province":"Aklan","municipality":"Ibajay","municipality_psgc":"600406000","flood_status":"normal"},"id":600406025},{"type":"Feature","geometry":{"type":"Polygon","coordinates":[[[122.21695818700003,11.792141897000022],[122.2064377820001,11.791011040000058],[122.1959063290001,11.793412448000026],[122.18733654000005,11.782500914000025],[122.1858739920001,11.778786029000061],[122.18467788600002,11.769125165000045],[122.18527556400011,11.762794862000023],[122.19096511400004,11.762945280000052],[122.19777655900009,11.756024],[122.20696109400002,11.758254922000047],[122.21045987600006,11.771848435000036],[122.21624649900002,11.785294770000062],[122.21695818700003,11.792141897000022]]]},"properties":{"adm1_psgc":600000000,"adm2_psgc":600400000,"adm3_psgc":600406000,"adm4_psgc":600406026,"adm4_en":"Regador","geo_level":"Bgy","len_crs":13924,"area_crs":10003596,"len_km":13,"area_km2":10,"province":"Aklan","municipality":"Ibajay","municipality_psgc":"600406000","flood_status":"normal"},"id":600406026},{"type":"Feature","geometry":{"type":"Polygon","coordinates":[[[122.20191398600004,11.713312154000048],[122.20519611500005,11.731149491000053],[122.20674363900002,11.750176658000045],[122.19986357800009,11.746208491000063],[122.19943535800007,11.73593122100004],[122.188672773,11.73598831700002],[122.18686815400008,11.728747286000042],[122.19560669400005,11.716299818000035],[122.20191398600004,11.713312154000048]]]},"properties":{"adm1_psgc":600000000,"adm2_psgc":600400000,"adm3_psgc":600406000,"adm4_psgc":600406027,"adm4_en":"Rivera","geo_level":"Bgy","len_crs":11414,"area_crs":4599899,"len_km":11,"area_km2":4,"province":"Aklan","municipality":"Ibajay","municipality_psgc":"600406000","flood_status":"normal"},"id":600406027},{"type":"Feature","geometry":{"type":"Polygon","coordinates":[[[122.18225445600001,11.790821581000046],[122.17485417100009,11.792628843000047],[122.17337181800006,11.800817164000023],[122.16908147000004,11.798322024000074],[122.16962151400004,11.797130204000043],[122.16695854300009,11.791450439000075],[122.1713347540001,11.782977347000042],[122.1651894350001,11.77865700100005],[122.1858739920001,11.778786029000061],[122.18733654000005,11.782500914000025],[122.18225445600001,11.790821581000046]]]},"properties":{"adm1_psgc":600000000,"adm2_psgc":600400000,"adm3_psgc":600406000,"adm4_psgc":600406028,"adm4_en":"Rizal","geo_level":"Bgy","len_crs":9741,"area_crs":3086843,"len_km":9,"area_km2":3,"province":"Aklan","municipality":"Ibajay","municipality_psgc":"600406000","flood_status":"normal"},"id":600406028},{"type":"Feature","geometry":{"type":"Polygon","coordinates":[[[122.18927353000004,11.810914823000074],[122.17858137400005,11.816800868000032],[122.17426482000008,11.815508141000066],[122.17146902700004,11.804255077000049],[122.17860461100008,11.807211796000047],[122.18704059700008,11.805636994000052],[122.18927353000004,11.810914823000074]]]},"properties":{"adm1_psgc":600000000,"adm2_psgc":600400000,"adm3_psgc":600406000,"adm4_psgc":600406029,"adm4_en":"San Isidro","geo_level":"Bgy","len_crs":6366,"area_crs":1680227,"len_km":6,"area_km2":1,"province":"Aklan","municipality":"Ibajay","municipality_psgc":"600406000","flood_status":"normal"},"id":600406029},{"type":"Feature","geometry":{"type":"Polygon","coordinates":[[[122.18636663100006,11.747318169000035],[122.18127755900004,11.749260072000027],[122.160715363,11.741899440000054],[122.16945530700004,11.732364552000035],[122.17238569400001,11.720495239000057],[122.18686815400008,11.728747286000042],[122.188672773,11.73598831700002],[122.18636663100006,11.747318169000035]]]},"properties":{"adm1_psgc":600000000,"adm2_psgc":600400000,"adm3_psgc":600406000,"adm4_psgc":600406030,"adm4_en":"San Jose","geo_level":"Bgy","len_crs":10553,"area_crs":5642382,"len_km":10,"area_km2":5,"province":"Aklan","municipality":"Ibajay","municipality_psgc":"600406000","flood_status":"normal"},"id":600406030},{"type":"Feature","geometry":{"type":"Polygon","coordinates":[[[122.1478173280001,11.797177318000026],[122.14025344900007,11.800355535000053],[122.13367542600007,11.796505554000023],[122.13172591400009,11.780279623000068],[122.13698532800004,11.781074593000026],[122.1431369940001,11.786701699000046],[122.1478173280001,11.797177318000026]]]},"properties":{"adm1_psgc":600000000,"adm2_psgc":600400000,"adm3_psgc":600406000,"adm4_psgc":600406031,"adm4_en":"Sta. Cruz","geo_level":"Bgy","len_crs":6689,"area_crs":2226069,"len_km":6,"area_km2":2,"province":"Aklan","municipality":"Ibajay","municipality_psgc":"600406000","flood_status":"normal"},"id":600406031},{"type":"Feature","geometry":{"type":"Polygon","coordinates":[[[122.13019691400007,11.82617700800006],[122.126813878,11.826661964000039],[122.12198433600008,11.808539290000054],[122.13367542600007,11.796505554000023],[122.14025344900007,11.800355535000053],[122.13800297400009,11.810301389000074],[122.13019691400007,11.82617700800006]]]},"properties":{"adm1_psgc":600000000,"adm2_psgc":600400000,"adm3_psgc":600406000,"adm4_psgc":600406032,"adm4_en":"Tagbaya","geo_level":"Bgy","len_crs":10536,"area_crs":3538312,"len_km":10,"area_km2":3,"province":"Aklan","municipality":"Ibajay","municipality_psgc":"600406000","flood_status":"normal"},"id":600406032},{"type":"Feature","geometry":{"type":"Polygon","coordinates":[[[122.17426482000008,11.815508141000066],[122.16808247700011,11.815495284000063],[122.16096514200002,11.806251491000067],[122.16908147000004,11.798322024000074],[122.17337181800006,11.800817164000023],[122.17146902700004,11.804255077000049],[122.17426482000008,11.815508141000066]]]},"properties":{"adm1_psgc":600000000,"adm2_psgc":600400000,"adm3_psgc":600406000,"adm4_psgc":600406033,"adm4_en":"Tul-ang","geo_level":"Bgy","len_crs":6005,"area_crs":1539413,"len_km":6,"area_km2":1,"province":"Aklan","municipality":"Ibajay","municipality_psgc":"600406000","flood_status":"normal"},"id":600406033},{"type":"Feature","geometry":{"type":"Polygon","coordinates":[[[122.1713347540001,11.782977347000042],[122.163378265,11.785757242000047],[122.15936295100005,11.782769361000021],[122.1597200010001,11.77500247700004],[122.16768480700011,11.771655062000036],[122.1651894350001,11.77865700100005],[122.1713347540001,11.782977347000042]]]},"properties":{"adm1_psgc":600000000,"adm2_psgc":600400000,"adm3_psgc":600406000,"adm4_psgc":600406034,"adm4_en":"Unat","geo_level":"Bgy","len_crs":5527,"area_crs":1253384,"len_km":5,"area_km2":1,"province":"Aklan","municipality":"Ibajay","municipality_psgc":"600406000","flood_status":"normal"},"id":600406034},{"type":"Feature","geometry":{"type":"Polygon","coordinates":[[[122.2133011100001,11.647686943000053],[122.19770625800005,11.647076036000044],[122.17406526100001,11.655511906000074],[122.15077512900007,11.653316183000072],[122.14560747800012,11.654464238000061],[122.1431978710001,11.64543599600006],[122.1452340390001,11.637301084000057],[122.17375037700003,11.631962717000022],[122.18462983300003,11.631692419000046],[122.20328032900011,11.634868410000022],[122.21179468600008,11.638855291000024],[122.2133011100001,11.647686943000053]]]},"properties":{"adm1_psgc":600000000,"adm2_psgc":600400000,"adm3_psgc":600406000,"adm4_psgc":600406035,"adm4_en":"Yawan","geo_level":"Bgy","len_crs":18137,"area_crs":14572579,"len_km":18,"area_km2":14,"province":"Aklan","municipality":"Ibajay","municipality_psgc":"600406000","flood_status":"normal"},"id":600406035},{"type":"Feature","geometry":{"type":"Polygon","coordinates":[[[122.39039661800008,11.71079529900004],[122.38766180900006,11.709994992000079],[122.38627803700001,11.707074237000029],[122.38299094900003,11.707135375000062],[122.38012144800007,11.704537135000065],[122.36911660600002,11.707060701000046],[122.3665641980001,11.70358152700004],[122.36757503000001,11.700286632000031],[122.37140462900003,11.696302299000026],[122.37104668500001,11.691300481000042],[122.37477449500012,11.689999596000066],[122.37799728400012,11.697976419000042],[122.38420121600006,11.699960997000062],[122.38586914700012,11.704197486000053],[122.38926055200012,11.703624507000027],[122.391583,11.70679198000005],[122.39039661800008,11.71079529900004]]]},"properties":{"adm1_psgc":600000000,"adm2_psgc":600400000,"adm3_psgc":600407000,"adm4_psgc":600407001,"adm4_en":"Andagaw","geo_level":"Bgy","len_crs":10394,"area_crs":2395970,"len_km":10,"area_km2":2,"province":"Aklan","municipality":"Kalibo","municipality_psgc":"600407000","flood_status":"normal"},"id":600407001},{"type":"Feature","geometry":{"type":"Polygon","coordinates":[[[122.38392622800006,11.734935941000057],[122.37445671600007,11.738385246000064],[122.36761125700004,11.738587962000054],[122.36468202800006,11.73362273400005],[122.36244035700008,11.727059187000066],[122.36341534400003,11.71907130900007],[122.36260032500002,11.715905345000065],[122.36767345200008,11.717030931000066],[122.3712985620001,11.720199735000051],[122.37240712800008,11.724999022000077],[122.38392622800006,11.734935941000057]]]},"properties":{"adm1_psgc":600000000,"adm2_psgc":600400000,"adm3_psgc":600407000,"adm4_psgc":600407002,"adm4_en":"Bachaw Norte","geo_level":"Bgy","len_crs":8803,"area_crs":3105229,"len_km":8,"area_km2":3,"province":"Aklan","municipality":"Kalibo","municipality_psgc":"600407000","flood_status":"normal"},"id":600407002},{"type":"Feature","geometry":{"type":"Polygon","coordinates":[[[122.39105810800004,11.729496327000048],[122.38868342700006,11.73211596200002],[122.38392622800006,11.734935941000057],[122.37240712800008,11.724999022000077],[122.3712985620001,11.720199735000051],[122.36767345200008,11.717030931000066],[122.36260032500002,11.715905345000065],[122.36232310900004,11.715611193000028],[122.36924517100009,11.711737043000028],[122.37028500200006,11.715252623000028],[122.3769640370001,11.721599080000033],[122.38626916400005,11.727157999000042],[122.38788298800011,11.727950703000031],[122.39105810800004,11.729496327000048]]]},"properties":{"adm1_psgc":600000000,"adm2_psgc":600400000,"adm3_psgc":600407000,"adm4_psgc":600407003,"adm4_en":"Bachaw Sur","geo_level":"Bgy","len_crs":9149,"area_crs":1924926,"len_km":9,"area_km2":1,"province":"Aklan","municipality":"Kalibo","municipality_psgc":"600407000","flood_status":"normal"},"id":600407003},{"type":"Feature","geometry":{"type":"Polygon","coordinates":[[[122.40396215300007,11.670342427000033],[122.39947591900011,11.673913756000047],[122.39295660500011,11.672783581000033],[122.39144579400012,11.670614396000076],[122.39517615700005,11.669137566000073],[122.39748438800005,11.662639515000027],[122.40196957500005,11.66460862200006],[122.40489400200012,11.668418759000076],[122.40396215300007,11.670342427000033]]]},"properties":{"adm1_psgc":600000000,"adm2_psgc":600400000,"adm3_psgc":600407000,"adm4_psgc":600407004,"adm4_en":"Briones","geo_level":"Bgy","len_crs":5409,"area_crs":1037942,"len_km":5,"area_km2":1,"province":"Aklan","municipality":"Kalibo","municipality_psgc":"600407000","flood_status":"normal"},"id":600407004},{"type":"Feature","geometry":{"type":"Polygon","coordinates":[[[122.39039661800008,11.71079529900004],[122.39358715500009,11.717685703000027],[122.392536629,11.721412663000022],[122.38521035800012,11.720372728000028],[122.38220088700008,11.718099812000046],[122.38210632000006,11.715291897000045],[122.36972987600006,11.710882273000038],[122.36911660600002,11.707060701000046],[122.38012144800007,11.704537135000065],[122.38299094900003,11.707135375000062],[122.38627803700001,11.707074237000029],[122.38766180900006,11.709994992000079],[122.39039661800008,11.71079529900004]]]},"properties":{"adm1_psgc":600000000,"adm2_psgc":600400000,"adm3_psgc":600407000,"adm4_psgc":600407005,"adm4_en":"Buswang New","geo_level":"Bgy","len_crs":12336,"area_crs":2707240,"len_km":12,"area_km2":2,"province":"Aklan","municipality":"Kalibo","municipality_psgc":"600407000","flood_status":"normal"},"id":600407005},{"type":"Feature","geometry":{"type":"MultiPolygon","coordinates":[[[[122.392536629,11.721412663000022],[122.39061058700008,11.724785875000066],[122.38626916400005,11.727157999000042],[122.3769640370001,11.721599080000033],[122.37028500200006,11.715252623000028],[122.36924517100009,11.711737043000028],[122.36972987600006,11.710882273000038],[122.38210632000006,11.715291897000045],[122.38220088700008,11.718099812000046],[122.38521035800012,11.720372728000028],[122.392536629,11.721412663000022]]],[[[122.39569660400002,11.721940841000048],[122.39105810800004,11.729496327000048],[122.38788298800011,11.727950703000031],[122.39202900900011,11.725880420000067],[122.39475081000013,11.72177704300003],[122.39569660400002,11.721940841000048]]]]},"properties":{"adm1_psgc":600000000,"adm2_psgc":600400000,"adm3_psgc":600407000,"adm4_psgc":600407006,"adm4_en":"Buswang Old","geo_level":"Bgy","len_crs":9354,"area_crs":1883988,"len_km":9,"area_km2":1,"province":"Aklan","municipality":"Kalibo","municipality_psgc":"600407000","flood_status":"normal"},"id":600407006},{"type":"Feature","geometry":{"type":"Polygon","coordinates":[[[122.40525510100008,11.685530788000051],[122.40085214800001,11.690780200000063],[122.3972144480001,11.688133158000026],[122.38832934400013,11.684260526000058],[122.38373840500005,11.679539823000026],[122.39295660500011,11.672783581000033],[122.40525510100008,11.685530788000051]]]},"properties":{"adm1_psgc":600000000,"adm2_psgc":600400000,"adm3_psgc":600407000,"adm4_psgc":600407007,"adm4_en":"Caano","geo_level":"Bgy","len_crs":6248,"area_crs":2127758,"len_km":6,"area_km2":2,"province":"Aklan","municipality":"Kalibo","municipality_psgc":"600407000","flood_status":"normal"},"id":600407007},{"type":"Feature","geometry":{"type":"Polygon","coordinates":[[[122.3665641980001,11.70358152700004],[122.36128074900012,11.70416794600004],[122.36221320900007,11.696723157000063],[122.36520115600003,11.69319189400005],[122.36396836100005,11.68737059500006],[122.35802256200009,11.682538691000046],[122.37040765200005,11.674552649000075],[122.37931213500009,11.683843692000039],[122.37477449500012,11.689999596000066],[122.37104668500001,11.691300481000042],[122.37140462900003,11.696302299000026],[122.36757503000001,11.700286632000031],[122.3665641980001,11.70358152700004]]]},"properties":{"adm1_psgc":600000000,"adm2_psgc":600400000,"adm3_psgc":600407000,"adm4_psgc":600407008,"adm4_en":"Estancia","geo_level":"Bgy","len_crs":9414,"area_crs":3408644,"len_km":9,"area_km2":3,"province":"Aklan","municipality":"Kalibo","municipality_psgc":"600407000","flood_status":"normal"},"id":600407008},{"type":"Feature","geometry":{"type":"Polygon","coordinates":[[[122.35930740800006,11.663778439000057],[122.35379320100002,11.670108570000027],[122.34795621200011,11.672637035000037],[122.34220092200007,11.673221897000074],[122.34117374200002,11.66746968600006],[122.34246963600003,11.663624799000047],[122.3554299870001,11.656122009000057],[122.35930740800006,11.663778439000057]]]},"properties":{"adm1_psgc":600000000,"adm2_psgc":600400000,"adm3_psgc":600407000,"adm4_psgc":600407009,"adm4_en":"Linabuan Norte","geo_level":"Bgy","len_crs":6084,"area_crs":2243989,"len_km":6,"area_km2":2,"province":"Aklan","municipality":"Kalibo","municipality_psgc":"600407000","flood_status":"normal"},"id":600407009},{"type":"Feature","geometry":{"type":"Polygon","coordinates":[[[122.40396215300007,11.670342427000033],[122.41052861100002,11.673847154000041],[122.4104835390001,11.677755790000047],[122.40525510100008,11.685530788000051],[122.39295660500011,11.672783581000033],[122.39947591900011,11.673913756000047],[122.40396215300007,11.670342427000033]]]},"properties":{"adm1_psgc":600000000,"adm2_psgc":600400000,"adm3_psgc":600407000,"adm4_psgc":600407010,"adm4_en":"Mabilo","geo_level":"Bgy","len_crs":6999,"area_crs":1577852,"len_km":6,"area_km2":1,"province":"Aklan","municipality":"Kalibo","municipality_psgc":"600407000","flood_status":"normal"},"id":600407010},{"type":"Feature","geometry":{"type":"Polygon","coordinates":[[[122.35960241900011,11.711908136000034],[122.35706652500006,11.713337071000067],[122.35439764500006,11.711889504000055],[122.3563669460001,11.709229220000056],[122.35459795200008,11.704758298000058],[122.35217268000008,11.703221123000047],[122.34768297900007,11.703579400000022],[122.34550486,11.701387525000028],[122.34691261300009,11.698425283000065],[122.34417506200009,11.695944520000067],[122.34455565900008,11.688525160000042],[122.34200734900003,11.684180976000048],[122.34156143300004,11.676110452000044],[122.3445997130001,11.677958294000064],[122.35223982900004,11.68596264900003],[122.3582186640001,11.691861529000052],[122.35818312900005,11.693807094000022],[122.36221320900007,11.696723157000063],[122.36128074900012,11.70416794600004],[122.35960241900011,11.711908136000034]]]},"properties":{"adm1_psgc":600000000,"adm2_psgc":600400000,"adm3_psgc":600407000,"adm4_psgc":600407011,"adm4_en":"Mobo","geo_level":"Bgy","len_crs":11106,"area_crs":4217704,"len_km":11,"area_km2":4,"province":"Aklan","municipality":"Kalibo","municipality_psgc":"600407000","flood_status":"normal"},"id":600407011},{"type":"Feature","geometry":{"type":"Polygon","coordinates":[[[122.38373840500005,11.679539823000026],[122.37931213500009,11.683843692000039],[122.37040765200005,11.674552649000075],[122.37107123100009,11.673021065000057],[122.3745552360001,11.673764967000068],[122.37744325900009,11.67212404500003],[122.38116268300008,11.666610547000062],[122.38367876300003,11.660123435000058],[122.38883125800008,11.66336152100007],[122.39144579400012,11.670614396000076],[122.39295660500011,11.672783581000033],[122.38373840500005,11.679539823000026]]]},"properties":{"adm1_psgc":600000000,"adm2_psgc":600400000,"adm3_psgc":600407000,"adm4_psgc":600407012,"adm4_en":"Nalook","geo_level":"Bgy","len_crs":8761,"area_crs":2950146,"len_km":8,"area_km2":2,"province":"Aklan","municipality":"Kalibo","municipality_psgc":"600407000","flood_status":"normal"},"id":600407012},{"type":"Feature","geometry":{"type":"Polygon","coordinates":[[[122.36924517100009,11.711737043000028],[122.36232310900004,11.715611193000028],[122.35960241900011,11.711908136000034],[122.36128074900012,11.70416794600004],[122.3665641980001,11.70358152700004],[122.36911660600002,11.707060701000046],[122.36972987600006,11.710882273000038],[122.36924517100009,11.711737043000028]]]},"properties":{"adm1_psgc":600000000,"adm2_psgc":600400000,"adm3_psgc":600407000,"adm4_psgc":600407013,"adm4_en":"Poblacion","geo_level":"Bgy","len_crs":3937,"area_crs":1104999,"len_km":3,"area_km2":1,"province":"Aklan","municipality":"Kalibo","municipality_psgc":"600407000","flood_status":"normal"},"id":600407013},{"type":"Feature","geometry":{"type":"Polygon","coordinates":[[[122.40085214800001,11.690780200000063],[122.39741526900002,11.695415923000043],[122.3934832870001,11.704774753000041],[122.391583,11.70679198000005],[122.38926055200012,11.703624507000027],[122.38586914700012,11.704197486000053],[122.38420121600006,11.699960997000062],[122.37799728400012,11.697976419000042],[122.37477449500012,11.689999596000066],[122.37931213500009,11.683843692000039],[122.38373840500005,11.679539823000026],[122.38832934400013,11.684260526000058],[122.3972144480001,11.688133158000026],[122.40085214800001,11.690780200000063]]]},"properties":{"adm1_psgc":600000000,"adm2_psgc":600400000,"adm3_psgc":600407000,"adm4_psgc":600407014,"adm4_en":"Pook","geo_level":"Bgy","len_crs":9775,"area_crs":4558548,"len_km":9,"area_km2":4,"province":"Aklan","municipality":"Kalibo","municipality_psgc":"600407000","flood_status":"normal"},"id":600407014},{"type":"Feature","geometry":{"type":"Polygon","coordinates":[[[122.35802256200009,11.682538691000046],[122.35223982900004,11.68596264900003],[122.3445997130001,11.677958294000064],[122.34156143300004,11.676110452000044],[122.34220092200007,11.673221897000074],[122.34795621200011,11.672637035000037],[122.35379320100002,11.670108570000027],[122.35930740800006,11.663778439000057],[122.36699052300003,11.66829310400004],[122.37107123100009,11.673021065000057],[122.37040765200005,11.674552649000075],[122.35802256200009,11.682538691000046]]]},"properties":{"adm1_psgc":600000000,"adm2_psgc":600400000,"adm3_psgc":600407000,"adm4_psgc":600407015,"adm4_en":"Tigayon","geo_level":"Bgy","len_crs":8729,"area_crs":3792308,"len_km":8,"area_km2":3,"province":"Aklan","municipality":"Kalibo","municipality_psgc":"600407000","flood_status":"normal"},"id":600407015},{"type":"Feature","geometry":{"type":"Polygon","coordinates":[[[122.35802256200009,11.682538691000046],[122.36396836100005,11.68737059500006],[122.36520115600003,11.69319189400005],[122.36221320900007,11.696723157000063],[122.35818312900005,11.693807094000022],[122.3582186640001,11.691861529000052],[122.35223982900004,11.68596264900003],[122.35802256200009,11.682538691000046]]]},"properties":{"adm1_psgc":600000000,"adm2_psgc":600400000,"adm3_psgc":600407000,"adm4_psgc":600407016,"adm4_en":"Tinigaw","geo_level":"Bgy","len_crs":4480,"area_crs":1113083,"len_km":4,"area_km2":1,"province":"Aklan","municipality":"Kalibo","municipality_psgc":"600407000","flood_status":"normal"},"id":600407016},{"type":"Feature","geometry":{"type":"Polygon","coordinates":[[[122.30765659200007,11.682767457000068],[122.30099452600007,11.691353975000027],[122.29616098200006,11.669942993000063],[122.30176779800001,11.664211442000067],[122.30765659200007,11.682767457000068]]]},"properties":{"adm1_psgc":600000000,"adm2_psgc":600400000,"adm3_psgc":600408000,"adm4_psgc":600408001,"adm4_en":"Agcawilan","geo_level":"Bgy","len_crs":7650,"area_crs":1930887,"len_km":7,"area_km2":1,"province":"Aklan","municipality":"Lezo","municipality_psgc":"600408000","flood_status":"normal"},"id":600408001},{"type":"Feature","geometry":{"type":"Polygon","coordinates":[[[122.33417848300009,11.681795322000028],[122.33269908000013,11.686236404000056],[122.32473734100007,11.686036088000037],[122.32543093700008,11.676162783000054],[122.32910843900004,11.67383518100007],[122.33417848300009,11.681795322000028]]]},"properties":{"adm1_psgc":600000000,"adm2_psgc":600400000,"adm3_psgc":600408000,"adm4_psgc":600408002,"adm4_en":"Bagto","geo_level":"Bgy","len_crs":4769,"area_crs":937215,"len_km":4,"area_km2":0,"province":"Aklan","municipality":"Lezo","municipality_psgc":"600408000","flood_status":"normal"},"id":600408002},{"type":"Feature","geometry":{"type":"Polygon","coordinates":[[[122.33401206400005,11.692508819000066],[122.32313842100007,11.695695947000047],[122.32188754500008,11.686919613000041],[122.32473734100007,11.686036088000037],[122.33269908000013,11.686236404000056],[122.33401206400005,11.692508819000066]]]},"properties":{"adm1_psgc":600000000,"adm2_psgc":600400000,"adm3_psgc":600408000,"adm4_psgc":600408003,"adm4_en":"Bugasongan","geo_level":"Bgy","len_crs":5384,"area_crs":1227198,"len_km":5,"area_km2":1,"province":"Aklan","municipality":"Lezo","municipality_psgc":"600408000","flood_status":"normal"},"id":600408003},{"type":"Feature","geometry":{"type":"Polygon","coordinates":[[[122.32188754500008,11.686919613000041],[122.3116492150001,11.69134847400005],[122.30549009300012,11.698016254000036],[122.30099452600007,11.691353975000027],[122.30765659200007,11.682767457000068],[122.3125146540001,11.679593412000028],[122.32369172500013,11.674458085000028],[122.32543093700008,11.676162783000054],[122.32473734100007,11.686036088000037],[122.32188754500008,11.686919613000041]]]},"properties":{"adm1_psgc":600000000,"adm2_psgc":600400000,"adm3_psgc":600408000,"adm4_psgc":600408004,"adm4_en":"Carugdog","geo_level":"Bgy","len_crs":10046,"area_crs":2955776,"len_km":10,"area_km2":2,"province":"Aklan","municipality":"Lezo","municipality_psgc":"600408000","flood_status":"normal"},"id":600408004},{"type":"Feature","geometry":{"type":"Polygon","coordinates":[[[122.32313842100007,11.695695947000047],[122.312082798,11.702824393000071],[122.30549009300012,11.698016254000036],[122.3116492150001,11.69134847400005],[122.32188754500008,11.686919613000041],[122.32313842100007,11.695695947000047]]]},"properties":{"adm1_psgc":600000000,"adm2_psgc":600400000,"adm3_psgc":600408000,"adm4_psgc":600408005,"adm4_en":"Cogon","geo_level":"Bgy","len_crs":7030,"area_crs":1628539,"len_km":7,"area_km2":1,"province":"Aklan","municipality":"Lezo","municipality_psgc":"600408000","flood_status":"normal"},"id":600408005},{"type":"Feature","geometry":{"type":"Polygon","coordinates":[[[122.34171577200004,11.67928462200007],[122.3426680770001,11.686016331000078],[122.33401206400005,11.692508819000066],[122.33269908000013,11.686236404000056],[122.33417848300009,11.681795322000028],[122.34171577200004,11.67928462200007]]]},"properties":{"adm1_psgc":600000000,"adm2_psgc":600400000,"adm3_psgc":600408000,"adm4_psgc":600408006,"adm4_en":"Ibao","geo_level":"Bgy","len_crs":4405,"area_crs":875331,"len_km":4,"area_km2":0,"province":"Aklan","municipality":"Lezo","municipality_psgc":"600408000","flood_status":"normal"},"id":600408006},{"type":"Feature","geometry":{"type":"Polygon","coordinates":[[[122.34171577200004,11.67928462200007],[122.33417848300009,11.681795322000028],[122.32910843900004,11.67383518100007],[122.337955242,11.66500445300005],[122.34226940100007,11.671053404000075],[122.34171577200004,11.67928462200007]]]},"properties":{"adm1_psgc":600000000,"adm2_psgc":600400000,"adm3_psgc":600408000,"adm4_psgc":600408007,"adm4_en":"Mina","geo_level":"Bgy","len_crs":5339,"area_crs":1793050,"len_km":5,"area_km2":1,"province":"Aklan","municipality":"Lezo","municipality_psgc":"600408000","flood_status":"normal"},"id":600408007},{"type":"Feature","geometry":{"type":"Polygon","coordinates":[[[122.32910843900004,11.67383518100007],[122.32543093700008,11.676162783000054],[122.32369172500013,11.674458085000028],[122.33207052200011,11.660832756000044],[122.337955242,11.66500445300005],[122.32910843900004,11.67383518100007]]]},"properties":{"adm1_psgc":600000000,"adm2_psgc":600400000,"adm3_psgc":600408000,"adm4_psgc":600408008,"adm4_en":"Poblacion","geo_level":"Bgy","len_crs":4884,"area_crs":1142075,"len_km":4,"area_km2":1,"province":"Aklan","municipality":"Lezo","municipality_psgc":"600408000","flood_status":"normal"},"id":600408008},{"type":"Feature","geometry":{"type":"Polygon","coordinates":[[[122.32369172500013,11.674458085000028],[122.3125146540001,11.679593412000028],[122.31633046100002,11.667016703000053],[122.32934412100008,11.655818811000072],[122.33207052200011,11.660832756000044],[122.32369172500013,11.674458085000028]]]},"properties":{"adm1_psgc":600000000,"adm2_psgc":600400000,"adm3_psgc":600408000,"adm4_psgc":600408009,"adm4_en":"Sta. Cruz","geo_level":"Bgy","len_crs":8228,"area_crs":2135169,"len_km":8,"area_km2":2,"province":"Aklan","municipality":"Lezo","municipality_psgc":"600408000","flood_status":"normal"},"id":600408009},{"type":"Feature","geometry":{"type":"Polygon","coordinates":[[[122.32934412100008,11.655818811000072],[122.31633046100002,11.667016703000053],[122.31226185000004,11.660376505000043],[122.3186930490001,11.655114615000057],[122.32934412100008,11.655818811000072]]]},"properties":{"adm1_psgc":600000000,"adm2_psgc":600400000,"adm3_psgc":600408000,"adm4_psgc":600408010,"adm4_en":"Sta. Cruz Biga-a","geo_level":"Bgy","len_crs":5302,"area_crs":1274417,"len_km":5,"area_km2":1,"province":"Aklan","municipality":"Lezo","municipality_psgc":"600408000","flood_status":"normal"},"id":600408010},{"type":"Feature","geometry":{"type":"Polygon","coordinates":[[[122.29616098200006,11.669942993000063],[122.30099452600007,11.691353975000027],[122.28436853800008,11.673481728000072],[122.29616098200006,11.669942993000063]]]},"properties":{"adm1_psgc":600000000,"adm2_psgc":600400000,"adm3_psgc":600408000,"adm4_psgc":600408011,"adm4_en":"Silakat Nonok","geo_level":"Bgy","len_crs":6586,"area_crs":1503383,"len_km":6,"area_km2":1,"province":"Aklan","municipality":"Lezo","municipality_psgc":"600408000","flood_status":"normal"},"id":600408011},{"type":"Feature","geometry":{"type":"Polygon","coordinates":[[[122.3125146540001,11.679593412000028],[122.30765659200007,11.682767457000068],[122.30176779800001,11.664211442000067],[122.31226185000004,11.660376505000043],[122.31633046100002,11.667016703000053],[122.3125146540001,11.679593412000028]]]},"properties":{"adm1_psgc":600000000,"adm2_psgc":600400000,"adm3_psgc":600408000,"adm4_psgc":600408012,"adm4_en":"Tayhawan","geo_level":"Bgy","len_crs":7478,"area_crs":2410046,"len_km":7,"area_km2":2,"province":"Aklan","municipality":"Lezo","municipality_psgc":"600408000","flood_status":"normal"},"id":600408012},{"type":"Feature","geometry":{"type":"Polygon","coordinates":[[[122.3055687210001,11.450630787000023],[122.302201738,11.468353127000055],[122.27979019700001,11.459705973000041],[122.27755385500006,11.43804085000005],[122.29222742500006,11.433405428000071],[122.3038721800001,11.446924495000074],[122.3055687210001,11.450630787000023]]]},"properties":{"adm1_psgc":600000000,"adm2_psgc":600400000,"adm3_psgc":600409000,"adm4_psgc":600409001,"adm4_en":"Agmailig","geo_level":"Bgy","len_crs":12759,"area_crs":7380184,"len_km":12,"area_km2":7,"province":"Aklan","municipality":"Libacao","municipality_psgc":"600409000","flood_status":"normal"},"id":600409001},{"type":"Feature","geometry":{"type":"Polygon","coordinates":[[[122.346955007,11.427638672000056],[122.3352062900001,11.426356910000038],[122.32708982100009,11.41776501800007],[122.33889209400002,11.400155352000072],[122.346955007,11.427638672000056]]]},"properties":{"adm1_psgc":600000000,"adm2_psgc":600400000,"adm3_psgc":600409000,"adm4_psgc":600409002,"adm4_en":"Alfonso XII","geo_level":"Bgy","len_crs":9309,"area_crs":4942001,"len_km":9,"area_km2":4,"province":"Aklan","municipality":"Libacao","municipality_psgc":"600409000","flood_status":"normal"},"id":600409002},{"type":"Feature","geometry":{"type":"Polygon","coordinates":[[[122.29222742500006,11.433405428000071],[122.27755385500006,11.43804085000005],[122.25688239200007,11.429986236000047],[122.25970148600004,11.402746325000066],[122.26939228400012,11.414171286000053],[122.28699567900003,11.412031797000054],[122.29222742500006,11.433405428000071]]]},"properties":{"adm1_psgc":600000000,"adm2_psgc":600400000,"adm3_psgc":600409000,"adm4_psgc":600409003,"adm4_en":"Batobato","geo_level":"Bgy","len_crs":15747,"area_crs":8476351,"len_km":15,"area_km2":8,"province":"Aklan","municipality":"Libacao","municipality_psgc":"600409000","flood_status":"normal"},"id":600409003},{"type":"Feature","geometry":{"type":"Polygon","coordinates":[[[122.3457250460001,11.477774319000046],[122.32617845700008,11.486888748000071],[122.32314359400004,11.479795474000072],[122.33424058300012,11.47056052700003],[122.3457250460001,11.477774319000046]]]},"properties":{"adm1_psgc":600000000,"adm2_psgc":600400000,"adm3_psgc":600409000,"adm4_psgc":600409004,"adm4_en":"Bonza","geo_level":"Bgy","len_crs":7920,"area_crs":2546436,"len_km":7,"area_km2":2,"province":"Aklan","municipality":"Libacao","municipality_psgc":"600409000","flood_status":"normal"},"id":600409004},{"type":"Feature","geometry":{"type":"Polygon","coordinates":[[[122.30192126700003,11.498176322000063],[122.28255885300007,11.492828637000057],[122.27436681900006,11.481244368000036],[122.29511720900008,11.480097666000063],[122.29904439100005,11.49336054300005],[122.30192126700003,11.498176322000063]]]},"properties":{"adm1_psgc":600000000,"adm2_psgc":600400000,"adm3_psgc":600409000,"adm4_psgc":600409005,"adm4_en":"Calacabian","geo_level":"Bgy","len_crs":10759,"area_crs":4492427,"len_km":10,"area_km2":4,"province":"Aklan","municipality":"Libacao","municipality_psgc":"600409000","flood_status":"normal"},"id":600409005},{"type":"Feature","geometry":{"type":"Polygon","coordinates":[[[122.3329158040001,11.495624613000073],[122.32192776900001,11.502866900000072],[122.32159694400004,11.49925327500006],[122.31825503100005,11.485862391000069],[122.32004509600006,11.478404593000048],[122.32314359400004,11.479795474000072],[122.32617845700008,11.486888748000071],[122.3329158040001,11.495624613000073]]]},"properties":{"adm1_psgc":600000000,"adm2_psgc":600400000,"adm3_psgc":600409000,"adm4_psgc":600409006,"adm4_en":"Calamcan","geo_level":"Bgy","len_crs":8559,"area_crs":1951819,"len_km":8,"area_km2":1,"province":"Aklan","municipality":"Libacao","municipality_psgc":"600409000","flood_status":"normal"},"id":600409006},{"type":"Feature","geometry":{"type":"Polygon","coordinates":[[[122.27979019700001,11.459705973000041],[122.26619685300011,11.463201977000036],[122.2583418270001,11.454184689000042],[122.25688239200007,11.429986236000047],[122.27755385500006,11.43804085000005],[122.27979019700001,11.459705973000041]]]},"properties":{"adm1_psgc":600000000,"adm2_psgc":600400000,"adm3_psgc":600409000,"adm4_psgc":600409007,"adm4_en":"Can-awan","geo_level":"Bgy","len_crs":12413,"area_crs":7267715,"len_km":12,"area_km2":7,"province":"Aklan","municipality":"Libacao","municipality_psgc":"600409000","flood_status":"normal"},"id":600409007},{"type":"Feature","geometry":{"type":"Polygon","coordinates":[[[122.32492034500002,11.45380290000003],[122.31671455600008,11.463751510000066],[122.3055687210001,11.450630787000023],[122.3038721800001,11.446924495000074],[122.315205578,11.437300848000067],[122.326590548,11.438577412000027],[122.32492034500002,11.45380290000003]]]},"properties":{"adm1_psgc":600000000,"adm2_psgc":600400000,"adm3_psgc":600409000,"adm4_psgc":600409008,"adm4_en":"Casit-an","geo_level":"Bgy","len_crs":11709,"area_crs":4113635,"len_km":11,"area_km2":4,"province":"Aklan","municipality":"Libacao","municipality_psgc":"600409000","flood_status":"normal"},"id":600409008},{"type":"Feature","geometry":{"type":"Polygon","coordinates":[[[122.27261806900005,11.351567973000042],[122.24428138600001,11.365248991000044],[122.22780837300002,11.347858924000036],[122.22027980700013,11.333025259000067],[122.20604443700006,11.32207231500007],[122.21426972200005,11.311229724000041],[122.2468685550001,11.317676399000048],[122.28214923800009,11.336058923000053],[122.27261806900005,11.351567973000042]]]},"properties":{"adm1_psgc":600000000,"adm2_psgc":600400000,"adm3_psgc":600409000,"adm4_psgc":600409009,"adm4_en":"Dalagsaan","geo_level":"Bgy","len_crs":23357,"area_crs":26527742,"len_km":23,"area_km2":26,"province":"Aklan","municipality":"Libacao","municipality_psgc":"600409000","flood_status":"normal"},"id":600409009},{"type":"Feature","geometry":{"type":"Polygon","coordinates":[[[122.34660324800006,11.46231992000003],[122.3244119640001,11.469016190000048],[122.31610941000007,11.464986009000029],[122.31671455600008,11.463751510000066],[122.32492034500002,11.45380290000003],[122.34311412700002,11.45680951500003],[122.34660324800006,11.46231992000003]]]},"properties":{"adm1_psgc":600000000,"adm2_psgc":600400000,"adm3_psgc":600409000,"adm4_psgc":600409010,"adm4_en":"Guadalupe","geo_level":"Bgy","len_crs":9813,"area_crs":2832139,"len_km":9,"area_km2":2,"province":"Aklan","municipality":"Libacao","municipality_psgc":"600409000","flood_status":"normal"},"id":600409010},{"type":"Feature","geometry":{"type":"Polygon","coordinates":[[[122.32159694400004,11.49925327500006],[122.30192126700003,11.498176322000063],[122.29904439100005,11.49336054300005],[122.31825503100005,11.485862391000069],[122.32159694400004,11.49925327500006]]]},"properties":{"adm1_psgc":600000000,"adm2_psgc":600400000,"adm3_psgc":600409000,"adm4_psgc":600409011,"adm4_en":"Janlud","geo_level":"Bgy","len_crs":7618,"area_crs":3103816,"len_km":7,"area_km2":3,"province":"Aklan","municipality":"Libacao","municipality_psgc":"600409000","flood_status":"normal"},"id":600409011},{"type":"Feature","geometry":{"type":"Polygon","coordinates":[[[122.32004509600006,11.478404593000048],[122.3159550800001,11.480064010000032],[122.31610941000007,11.464986009000029],[122.3244119640001,11.469016190000048],[122.34660324800006,11.46231992000003],[122.35117814200008,11.473529631000076],[122.3457250460001,11.477774319000046],[122.33424058300012,11.47056052700003],[122.32314359400004,11.479795474000072],[122.32004509600006,11.478404593000048]]]},"properties":{"adm1_psgc":600000000,"adm2_psgc":600400000,"adm3_psgc":600409000,"adm4_psgc":600409012,"adm4_en":"Julita","geo_level":"Bgy","len_crs":13365,"area_crs":3828442,"len_km":13,"area_km2":3,"province":"Aklan","municipality":"Libacao","municipality_psgc":"600409000","flood_status":"normal"},"id":600409012},{"type":"Feature","geometry":{"type":"Polygon","coordinates":[[[122.32350348900002,11.372580824000067],[122.29674471900012,11.405366966000031],[122.28067202400007,11.403793585000074],[122.28059940700007,11.390964477000061],[122.28904772400007,11.390291529000024],[122.29703610200012,11.361997046000056],[122.30309817300008,11.354028861000074],[122.32350348900002,11.372580824000067]]]},"properties":{"adm1_psgc":600000000,"adm2_psgc":600400000,"adm3_psgc":600409000,"adm4_psgc":600409013,"adm4_en":"Luctoga","geo_level":"Bgy","len_crs":18571,"area_crs":12768028,"len_km":18,"area_km2":12,"province":"Aklan","municipality":"Libacao","municipality_psgc":"600409000","flood_status":"normal"},"id":600409013},{"type":"Feature","geometry":{"type":"Polygon","coordinates":[[[122.27436681900006,11.481244368000036],[122.26619685300011,11.463201977000036],[122.27979019700001,11.459705973000041],[122.302201738,11.468353127000055],[122.29857935700012,11.476113851000035],[122.29511720900008,11.480097666000063],[122.27436681900006,11.481244368000036]]]},"properties":{"adm1_psgc":600000000,"adm2_psgc":600400000,"adm3_psgc":600409000,"adm4_psgc":600409014,"adm4_en":"Magugba","geo_level":"Bgy","len_crs":13025,"area_crs":6089096,"len_km":13,"area_km2":6,"province":"Aklan","municipality":"Libacao","municipality_psgc":"600409000","flood_status":"normal"},"id":600409014},{"type":"Feature","geometry":{"type":"Polygon","coordinates":[[[122.28059940700007,11.390964477000061],[122.26898059200005,11.392683093000072],[122.26560970300011,11.371409689000076],[122.27261806900005,11.351567973000042],[122.28214923800009,11.336058923000053],[122.30309817300008,11.354028861000074],[122.29703610200012,11.361997046000056],[122.28904772400007,11.390291529000024],[122.28059940700007,11.390964477000061]]]},"properties":{"adm1_psgc":600000000,"adm2_psgc":600400000,"adm3_psgc":600409000,"adm4_psgc":600409015,"adm4_en":"Manika","geo_level":"Bgy","len_crs":18336,"area_crs":15607122,"len_km":18,"area_km2":15,"province":"Aklan","municipality":"Libacao","municipality_psgc":"600409000","flood_status":"normal"},"id":600409015},{"type":"Feature","geometry":{"type":"Polygon","coordinates":[[[122.36580503100002,11.496008380000035],[122.36592848000011,11.508320280000019],[122.34450612900002,11.515651492000073],[122.32192776900001,11.502866900000072],[122.3329158040001,11.495624613000073],[122.36580503100002,11.496008380000035]]]},"properties":{"adm1_psgc":600000000,"adm2_psgc":600400000,"adm3_psgc":600409000,"adm4_psgc":600409016,"adm4_en":"Ogsip","geo_level":"Bgy","len_crs":13392,"area_crs":7875579,"len_km":13,"area_km2":7,"province":"Aklan","municipality":"Libacao","municipality_psgc":"600409000","flood_status":"normal"},"id":600409016},{"type":"Feature","geometry":{"type":"Polygon","coordinates":[[[122.326590548,11.438577412000027],[122.315205578,11.437300848000067],[122.3038721800001,11.446924495000074],[122.29222742500006,11.433405428000071],[122.28699567900003,11.412031797000054],[122.29630901300003,11.412459285000068],[122.30979167900011,11.414516783000066],[122.3181669080001,11.432646975000065],[122.32666892600002,11.435165301000042],[122.326590548,11.438577412000027]]]},"properties":{"adm1_psgc":600000000,"adm2_psgc":600400000,"adm3_psgc":600409000,"adm4_psgc":600409017,"adm4_en":"Ortega","geo_level":"Bgy","len_crs":17374,"area_crs":8527120,"len_km":17,"area_km2":8,"province":"Aklan","municipality":"Libacao","municipality_psgc":"600409000","flood_status":"normal"},"id":600409017},{"type":"Feature","geometry":{"type":"Polygon","coordinates":[[[122.26898059200005,11.392683093000072],[122.25925994100011,11.401048076000052],[122.25718807700004,11.389024475000044],[122.24428138600001,11.365248991000044],[122.27261806900005,11.351567973000042],[122.26560970300011,11.371409689000076],[122.26898059200005,11.392683093000072]]]},"properties":{"adm1_psgc":600000000,"adm2_psgc":600400000,"adm3_psgc":600409000,"adm4_psgc":600409018,"adm4_en":"Oyang","geo_level":"Bgy","len_crs":14657,"area_crs":8245503,"len_km":14,"area_km2":8,"province":"Aklan","municipality":"Libacao","municipality_psgc":"600409000","flood_status":"normal"},"id":600409018},{"type":"Feature","geometry":{"type":"Polygon","coordinates":[[[122.34311412700002,11.45680951500003],[122.32492034500002,11.45380290000003],[122.326590548,11.438577412000027],[122.32666892600002,11.435165301000042],[122.3352062900001,11.426356910000038],[122.346955007,11.427638672000056],[122.34951486000011,11.439508286000034],[122.34311412700002,11.45680951500003]]]},"properties":{"adm1_psgc":600000000,"adm2_psgc":600400000,"adm3_psgc":600409000,"adm4_psgc":600409019,"adm4_en":"Pampango","geo_level":"Bgy","len_crs":12455,"area_crs":6389088,"len_km":12,"area_km2":6,"province":"Aklan","municipality":"Libacao","municipality_psgc":"600409000","flood_status":"normal"},"id":600409019},{"type":"Feature","geometry":{"type":"Polygon","coordinates":[[[122.3159550800001,11.480064010000032],[122.29857935700012,11.476113851000035],[122.302201738,11.468353127000055],[122.3055687210001,11.450630787000023],[122.31671455600008,11.463751510000066],[122.31610941000007,11.464986009000029],[122.3159550800001,11.480064010000032]]]},"properties":{"adm1_psgc":600000000,"adm2_psgc":600400000,"adm3_psgc":600409000,"adm4_psgc":600409020,"adm4_en":"Pinonoy","geo_level":"Bgy","len_crs":9351,"area_crs":4091961,"len_km":9,"area_km2":4,"province":"Aklan","municipality":"Libacao","municipality_psgc":"600409000","flood_status":"normal"},"id":600409020},{"type":"Feature","geometry":{"type":"Polygon","coordinates":[[[122.31825503100005,11.485862391000069],[122.29904439100005,11.49336054300005],[122.29511720900008,11.480097666000063],[122.29857935700012,11.476113851000035],[122.3159550800001,11.480064010000032],[122.32004509600006,11.478404593000048],[122.31825503100005,11.485862391000069]]]},"properties":{"adm1_psgc":600000000,"adm2_psgc":600400000,"adm3_psgc":600409000,"adm4_psgc":600409021,"adm4_en":"Poblacion","geo_level":"Bgy","len_crs":8623,"area_crs":2642205,"len_km":8,"area_km2":2,"province":"Aklan","municipality":"Libacao","municipality_psgc":"600409000","flood_status":"normal"},"id":600409021},{"type":"Feature","geometry":{"type":"Polygon","coordinates":[[[122.28699567900003,11.412031797000054],[122.26939228400012,11.414171286000053],[122.25970148600004,11.402746325000066],[122.25925994100011,11.401048076000052],[122.26898059200005,11.392683093000072],[122.28059940700007,11.390964477000061],[122.28067202400007,11.403793585000074],[122.29674471900012,11.405366966000031],[122.29630901300003,11.412459285000068],[122.28699567900003,11.412031797000054]]]},"properties":{"adm1_psgc":600000000,"adm2_psgc":600400000,"adm3_psgc":600409000,"adm4_psgc":600409022,"adm4_en":"Rivera","geo_level":"Bgy","len_crs":14259,"area_crs":5942772,"len_km":14,"area_km2":5,"province":"Aklan","municipality":"Libacao","municipality_psgc":"600409000","flood_status":"normal"},"id":600409022},{"type":"Feature","geometry":{"type":"Polygon","coordinates":[[[122.3352062900001,11.426356910000038],[122.32666892600002,11.435165301000042],[122.3181669080001,11.432646975000065],[122.30979167900011,11.414516783000066],[122.29630901300003,11.412459285000068],[122.29674471900012,11.405366966000031],[122.32350348900002,11.372580824000067],[122.33889209400002,11.400155352000072],[122.32708982100009,11.41776501800007],[122.3352062900001,11.426356910000038]]]},"properties":{"adm1_psgc":600000000,"adm2_psgc":600400000,"adm3_psgc":600409000,"adm4_psgc":600409023,"adm4_en":"Rosal","geo_level":"Bgy","len_crs":21385,"area_crs":15934359,"len_km":21,"area_km2":15,"province":"Aklan","municipality":"Libacao","municipality_psgc":"600409000","flood_status":"normal"},"id":600409023},{"type":"Feature","geometry":{"type":"Polygon","coordinates":[[[122.36580503100002,11.496008380000035],[122.3329158040001,11.495624613000073],[122.32617845700008,11.486888748000071],[122.3457250460001,11.477774319000046],[122.35117814200008,11.473529631000076],[122.36580503100002,11.496008380000035]]]},"properties":{"adm1_psgc":600000000,"adm2_psgc":600400000,"adm3_psgc":600409000,"adm4_psgc":600409024,"adm4_en":"Sibalew","geo_level":"Bgy","len_crs":13119,"area_crs":5910861,"len_km":13,"area_km2":5,"province":"Aklan","municipality":"Libacao","municipality_psgc":"600409000","flood_status":"normal"},"id":600409024},{"type":"Feature","geometry":{"type":"Polygon","coordinates":[[[122.28273520800009,11.565557201000045],[122.2676449070001,11.55910317100006],[122.26710815400008,11.548064435000072],[122.27184904800002,11.547324592000049],[122.28081529600001,11.54551138000005],[122.28362541400008,11.55150005100006],[122.28273520800009,11.565557201000045]]]},"properties":{"adm1_psgc":600000000,"adm2_psgc":600400000,"adm3_psgc":600410000,"adm4_psgc":600410001,"adm4_en":"Alaminos","geo_level":"Bgy","len_crs":8232,"area_crs":3100981,"len_km":8,"area_km2":3,"province":"Aklan","municipality":"Madalag","municipality_psgc":"600410000","flood_status":"normal"},"id":600410001},{"type":"Feature","geometry":{"type":"Polygon","coordinates":[[[122.28921001100002,11.511703470000041],[122.2798246850001,11.512220537000074],[122.27567477600007,11.503972474000024],[122.28255885300007,11.492828637000057],[122.2944838320001,11.503049124000029],[122.28921001100002,11.511703470000041]]]},"properties":{"adm1_psgc":600000000,"adm2_psgc":600400000,"adm3_psgc":600410000,"adm4_psgc":600410002,"adm4_en":"Alas-as","geo_level":"Bgy","len_crs":7050,"area_crs":2960060,"len_km":7,"area_km2":2,"province":"Aklan","municipality":"Madalag","municipality_psgc":"600410000","flood_status":"normal"},"id":600410002},{"type":"Feature","geometry":{"type":"Polygon","coordinates":[[[122.26710815400008,11.548064435000072],[122.2676449070001,11.55910317100006],[122.25138672000004,11.556567975000064],[122.254575713,11.543877848000024],[122.26710815400008,11.548064435000072]]]},"properties":{"adm1_psgc":600000000,"adm2_psgc":600400000,"adm3_psgc":600410000,"adm4_psgc":600410003,"adm4_en":"Bacyang","geo_level":"Bgy","len_crs":6882,"area_crs":2372553,"len_km":6,"area_km2":2,"province":"Aklan","municipality":"Madalag","municipality_psgc":"600410000","flood_status":"normal"},"id":600410003},{"type":"Feature","geometry":{"type":"Polygon","coordinates":[[[122.29169753700012,11.537519201000066],[122.28480405000003,11.53882658600003],[122.28368753900008,11.523855061000065],[122.28867705200003,11.523492918000043],[122.29264836200004,11.529258902000038],[122.29169753700012,11.537519201000066]]]},"properties":{"adm1_psgc":600000000,"adm2_psgc":600400000,"adm3_psgc":600410000,"adm4_psgc":600410004,"adm4_en":"Balactasan","geo_level":"Bgy","len_crs":5631,"area_crs":1805482,"len_km":5,"area_km2":1,"province":"Aklan","municipality":"Madalag","municipality_psgc":"600410000","flood_status":"normal"},"id":600410004},{"type":"Feature","geometry":{"type":"Polygon","coordinates":[[[122.29585642300003,11.520840058000035],[122.29717609800002,11.524804946000074],[122.28867705200003,11.523492918000043],[122.28368753900008,11.523855061000065],[122.28176882000002,11.519398548000028],[122.2798246850001,11.512220537000074],[122.28921001100002,11.511703470000041],[122.29585642300003,11.520840058000035]]]},"properties":{"adm1_psgc":600000000,"adm2_psgc":600400000,"adm3_psgc":600410000,"adm4_psgc":600410005,"adm4_en":"Cabangahan","geo_level":"Bgy","len_crs":5960,"area_crs":1671936,"len_km":5,"area_km2":1,"province":"Aklan","municipality":"Madalag","municipality_psgc":"600410000","flood_status":"normal"},"id":600410005},{"type":"Feature","geometry":{"type":"Polygon","coordinates":[[[122.29169753700012,11.537519201000066],[122.2915136580001,11.551984776000038],[122.28362541400008,11.55150005100006],[122.28081529600001,11.54551138000005],[122.28426921000005,11.53918314600003],[122.28480405000003,11.53882658600003],[122.29169753700012,11.537519201000066]]]},"properties":{"adm1_psgc":600000000,"adm2_psgc":600400000,"adm3_psgc":600410000,"adm4_psgc":600410006,"adm4_en":"Cabilawan","geo_level":"Bgy","len_crs":6148,"area_crs":1426111,"len_km":6,"area_km2":1,"province":"Aklan","municipality":"Madalag","municipality_psgc":"600410000","flood_status":"normal"},"id":600410006},{"type":"Feature","geometry":{"type":"Polygon","coordinates":[[[122.2915136580001,11.551984776000038],[122.28273520800009,11.565557201000045],[122.28362541400008,11.55150005100006],[122.2915136580001,11.551984776000038]]]},"properties":{"adm1_psgc":600000000,"adm2_psgc":600400000,"adm3_psgc":600410000,"adm4_psgc":600410007,"adm4_en":"Catabana","geo_level":"Bgy","len_crs":6458,"area_crs":1839646,"len_km":6,"area_km2":1,"province":"Aklan","municipality":"Madalag","municipality_psgc":"600410000","flood_status":"normal"},"id":600410007},{"type":"Feature","geometry":{"type":"Polygon","coordinates":[[[122.27223695400006,11.481386359000055],[122.26739601600003,11.482490743000024],[122.26786063400006,11.467015590000074],[122.27223695400006,11.481386359000055]]]},"properties":{"adm1_psgc":600000000,"adm2_psgc":600400000,"adm3_psgc":600410000,"adm4_psgc":600410008,"adm4_en":"Dit-Ana","geo_level":"Bgy","len_crs":5293,"area_crs":1629223,"len_km":5,"area_km2":1,"province":"Aklan","municipality":"Madalag","municipality_psgc":"600410000","flood_status":"normal"},"id":600410008},{"type":"Feature","geometry":{"type":"Polygon","coordinates":[[[122.26664040300012,11.532280631000049],[122.254575713,11.543877848000024],[122.24005399300007,11.538912879000065],[122.2612159560001,11.525191228000036],[122.26570990300002,11.527068111000062],[122.26664040300012,11.532280631000049]]]},"properties":{"adm1_psgc":600000000,"adm2_psgc":600400000,"adm3_psgc":600410000,"adm4_psgc":600410009,"adm4_en":"Galicia","geo_level":"Bgy","len_crs":9406,"area_crs":4099938,"len_km":9,"area_km2":4,"province":"Aklan","municipality":"Madalag","municipality_psgc":"600410000","flood_status":"normal"},"id":600410009},{"type":"Feature","geometry":{"type":"Polygon","coordinates":[[[122.31625115300005,11.521065670000041],[122.30590398000005,11.519188263000045],[122.30878166000002,11.503049124000029],[122.31012809100002,11.503594109000062],[122.31625115300005,11.521065670000041]]]},"properties":{"adm1_psgc":600000000,"adm2_psgc":600400000,"adm3_psgc":600410000,"adm4_psgc":600410010,"adm4_en":"Guinatu-an","geo_level":"Bgy","len_crs":6862,"area_crs":1517440,"len_km":6,"area_km2":1,"province":"Aklan","municipality":"Madalag","municipality_psgc":"600410000","flood_status":"normal"},"id":600410010},{"type":"Feature","geometry":{"type":"Polygon","coordinates":[[[122.3052585140001,11.534539159000074],[122.29264836200004,11.529258902000038],[122.28867705200003,11.523492918000043],[122.29717609800002,11.524804946000074],[122.3052585140001,11.534539159000074]]]},"properties":{"adm1_psgc":600000000,"adm2_psgc":600400000,"adm3_psgc":600410000,"adm4_psgc":600410011,"adm4_en":"Logohon","geo_level":"Bgy","len_crs":5637,"area_crs":1287769,"len_km":5,"area_km2":1,"province":"Aklan","municipality":"Madalag","municipality_psgc":"600410000","flood_status":"normal"},"id":600410011},{"type":"Feature","geometry":{"type":"Polygon","coordinates":[[[122.27567477600007,11.503972474000024],[122.25775673700002,11.487383890000045],[122.26739601600003,11.482490743000024],[122.27223695400006,11.481386359000055],[122.28255885300007,11.492828637000057],[122.27567477600007,11.503972474000024]]]},"properties":{"adm1_psgc":600000000,"adm2_psgc":600400000,"adm3_psgc":600410000,"adm4_psgc":600410012,"adm4_en":"Mamba","geo_level":"Bgy","len_crs":8345,"area_crs":3642686,"len_km":8,"area_km2":3,"province":"Aklan","municipality":"Madalag","municipality_psgc":"600410000","flood_status":"normal"},"id":600410012},{"type":"Feature","geometry":{"type":"Polygon","coordinates":[[[122.24005399300007,11.538912879000065],[122.23329704800005,11.552016790000037],[122.15406662400005,11.534144826000043],[122.135959737,11.505061038000063],[122.1341435800001,11.473020229000038],[122.16252320900003,11.443791744000064],[122.1898805280001,11.440548742000034],[122.24309347900011,11.458281438000027],[122.25506998100003,11.486224898000046],[122.24924867800007,11.497893846000066],[122.2612159560001,11.525191228000036],[122.24005399300007,11.538912879000065]]]},"properties":{"adm1_psgc":600000000,"adm2_psgc":600400000,"adm3_psgc":600410000,"adm4_psgc":600410013,"adm4_en":"Maria Cristina","geo_level":"Bgy","len_crs":45201,"area_crs":122363129,"len_km":45,"area_km2":122,"province":"Aklan","municipality":"Madalag","municipality_psgc":"600410000","flood_status":"normal"},"id":600410013},{"type":"Feature","geometry":{"type":"Polygon","coordinates":[[[122.26739601600003,11.482490743000024],[122.25775673700002,11.487383890000045],[122.25506998100003,11.486224898000046],[122.24309347900011,11.458281438000027],[122.25695206900004,11.445759285000065],[122.26786063400006,11.467015590000074],[122.26739601600003,11.482490743000024]]]},"properties":{"adm1_psgc":600000000,"adm2_psgc":600400000,"adm3_psgc":600410000,"adm4_psgc":600410014,"adm4_en":"Medina","geo_level":"Bgy","len_crs":13715,"area_crs":6531409,"len_km":13,"area_km2":6,"province":"Aklan","municipality":"Madalag","municipality_psgc":"600410000","flood_status":"normal"},"id":600410014},{"type":"Feature","geometry":{"type":"Polygon","coordinates":[[[122.254575713,11.543877848000024],[122.25138672000004,11.556567975000064],[122.23329704800005,11.552016790000037],[122.24005399300007,11.538912879000065],[122.254575713,11.543877848000024]]]},"properties":{"adm1_psgc":600000000,"adm2_psgc":600400000,"adm3_psgc":600410000,"adm4_psgc":600410015,"adm4_en":"Mercedes","geo_level":"Bgy","len_crs":7570,"area_crs":3214497,"len_km":7,"area_km2":3,"province":"Aklan","municipality":"Madalag","municipality_psgc":"600410000","flood_status":"normal"},"id":600410015},{"type":"Feature","geometry":{"type":"Polygon","coordinates":[[[122.33058555400011,11.511804120000019],[122.31625115300005,11.521065670000041],[122.31012809100002,11.503594109000062],[122.33058555400011,11.511804120000019]]]},"properties":{"adm1_psgc":600000000,"adm2_psgc":600400000,"adm3_psgc":600410000,"adm4_psgc":600410016,"adm4_en":"Napnot","geo_level":"Bgy","len_crs":8747,"area_crs":3199968,"len_km":8,"area_km2":3,"province":"Aklan","municipality":"Madalag","municipality_psgc":"600410000","flood_status":"normal"},"id":600410016},{"type":"Feature","geometry":{"type":"Polygon","coordinates":[[[122.28426921000005,11.53918314600003],[122.27749736600005,11.537950731000022],[122.26664040300012,11.532280631000049],[122.26570990300002,11.527068111000062],[122.28176882000002,11.519398548000028],[122.28368753900008,11.523855061000065],[122.28480405000003,11.53882658600003],[122.28426921000005,11.53918314600003]]]},"properties":{"adm1_psgc":600000000,"adm2_psgc":600400000,"adm3_psgc":600410000,"adm4_psgc":600410017,"adm4_en":"Pang-Itan","geo_level":"Bgy","len_crs":8428,"area_crs":2301108,"len_km":8,"area_km2":2,"province":"Aklan","municipality":"Madalag","municipality_psgc":"600410000","flood_status":"normal"},"id":600410017},{"type":"Feature","geometry":{"type":"Polygon","coordinates":[[[122.33058555400011,11.511804120000019],[122.33184276300005,11.537100825000037],[122.30914116200006,11.535040872000023],[122.31625115300005,11.521065670000041],[122.33058555400011,11.511804120000019]]]},"properties":{"adm1_psgc":600000000,"adm2_psgc":600400000,"adm3_psgc":600410000,"adm4_psgc":600410018,"adm4_en":"Paningayan","geo_level":"Bgy","len_crs":11212,"area_crs":5417457,"len_km":11,"area_km2":5,"province":"Aklan","municipality":"Madalag","municipality_psgc":"600410000","flood_status":"normal"},"id":600410018},{"type":"Feature","geometry":{"type":"Polygon","coordinates":[[[122.25695206900004,11.445759285000065],[122.24309347900011,11.458281438000027],[122.1898805280001,11.440548742000034],[122.16252320900003,11.443791744000064],[122.16696420200005,11.402434884000057],[122.18810468400011,11.392383335000032],[122.19372804200007,11.374901635000072],[122.18272222200005,11.345952808000048],[122.198838625,11.312916448000063],[122.23772614600013,11.354448129000046],[122.25718807700004,11.389024475000044],[122.25695206900004,11.445759285000065]]]},"properties":{"adm1_psgc":600000000,"adm2_psgc":600400000,"adm3_psgc":600410000,"adm4_psgc":600410019,"adm4_en":"Panipiason","geo_level":"Bgy","len_crs":46602,"area_crs":100347715,"len_km":46,"area_km2":100,"province":"Aklan","municipality":"Madalag","municipality_psgc":"600410000","flood_status":"normal"},"id":600410019},{"type":"Feature","geometry":{"type":"Polygon","coordinates":[[[122.30914116200006,11.535040872000023],[122.31003895700007,11.539550790000023],[122.3052585140001,11.534539159000074],[122.29717609800002,11.524804946000074],[122.29585642300003,11.520840058000035],[122.30590398000005,11.519188263000045],[122.31625115300005,11.521065670000041],[122.30914116200006,11.535040872000023]]]},"properties":{"adm1_psgc":600000000,"adm2_psgc":600400000,"adm3_psgc":600410000,"adm4_psgc":600410020,"adm4_en":"Poblacion","geo_level":"Bgy","len_crs":7965,"area_crs":2549577,"len_km":7,"area_km2":2,"province":"Aklan","municipality":"Madalag","municipality_psgc":"600410000","flood_status":"normal"},"id":600410020},{"type":"Feature","geometry":{"type":"Polygon","coordinates":[[[122.28176882000002,11.519398548000028],[122.26570990300002,11.527068111000062],[122.2612159560001,11.525191228000036],[122.24924867800007,11.497893846000066],[122.25506998100003,11.486224898000046],[122.25775673700002,11.487383890000045],[122.27567477600007,11.503972474000024],[122.2798246850001,11.512220537000074],[122.28176882000002,11.519398548000028]]]},"properties":{"adm1_psgc":600000000,"adm2_psgc":600400000,"adm3_psgc":600410000,"adm4_psgc":600410021,"adm4_en":"San Jose","geo_level":"Bgy","len_crs":12911,"area_crs":8631363,"len_km":12,"area_km2":8,"province":"Aklan","municipality":"Madalag","municipality_psgc":"600410000","flood_status":"normal"},"id":600410021},{"type":"Feature","geometry":{"type":"Polygon","coordinates":[[[122.31003895700007,11.539550790000023],[122.2915136580001,11.551984776000038],[122.29169753700012,11.537519201000066],[122.29264836200004,11.529258902000038],[122.3052585140001,11.534539159000074],[122.31003895700007,11.539550790000023]]]},"properties":{"adm1_psgc":600000000,"adm2_psgc":600400000,"adm3_psgc":600410000,"adm4_psgc":600410022,"adm4_en":"Singay","geo_level":"Bgy","len_crs":8838,"area_crs":2289312,"len_km":8,"area_km2":2,"province":"Aklan","municipality":"Madalag","municipality_psgc":"600410000","flood_status":"normal"},"id":600410022},{"type":"Feature","geometry":{"type":"Polygon","coordinates":[[[122.27184904800002,11.547324592000049],[122.26710815400008,11.548064435000072],[122.254575713,11.543877848000024],[122.26664040300012,11.532280631000049],[122.27749736600005,11.537950731000022],[122.27184904800002,11.547324592000049]]]},"properties":{"adm1_psgc":600000000,"adm2_psgc":600400000,"adm3_psgc":600410000,"adm4_psgc":600410023,"adm4_en":"Talangban","geo_level":"Bgy","len_crs":8322,"area_crs":2579049,"len_km":8,"area_km2":2,"province":"Aklan","municipality":"Madalag","municipality_psgc":"600410000","flood_status":"normal"},"id":600410023},{"type":"Feature","geometry":{"type":"Polygon","coordinates":[[[122.28081529600001,11.54551138000005],[122.27184904800002,11.547324592000049],[122.27749736600005,11.537950731000022],[122.28426921000005,11.53918314600003],[122.28081529600001,11.54551138000005]]]},"properties":{"adm1_psgc":600000000,"adm2_psgc":600400000,"adm3_psgc":600410000,"adm4_psgc":600410024,"adm4_en":"Talimagao","geo_level":"Bgy","len_crs":5372,"area_crs":1213712,"len_km":5,"area_km2":1,"province":"Aklan","municipality":"Madalag","municipality_psgc":"600410000","flood_status":"normal"},"id":600410024},{"type":"Feature","geometry":{"type":"Polygon","coordinates":[[[122.30590398000005,11.519188263000045],[122.29585642300003,11.520840058000035],[122.28921001100002,11.511703470000041],[122.2944838320001,11.503049124000029],[122.30878166000002,11.503049124000029],[122.30590398000005,11.519188263000045]]]},"properties":{"adm1_psgc":600000000,"adm2_psgc":600400000,"adm3_psgc":600410000,"adm4_psgc":600410025,"adm4_en":"Tigbawan","geo_level":"Bgy","len_crs":8668,"area_crs":3462683,"len_km":8,"area_km2":3,"province":"Aklan","municipality":"Madalag","municipality_psgc":"600410000","flood_status":"normal"},"id":600410025},{"type":"Feature","geometry":{"type":"Polygon","coordinates":[[[122.27504205900004,11.720137002000056],[122.26525998900003,11.717284644000072],[122.25588699100003,11.716541198000074],[122.23981350300005,11.710845620000041],[122.23948037300012,11.697798029000067],[122.25196346900009,11.700889314000051],[122.26449235600012,11.700136150000048],[122.26860146500009,11.708194233000029],[122.28004247700007,11.715954658000044],[122.27504205900004,11.720137002000056]]]},"properties":{"adm1_psgc":600000000,"adm2_psgc":600400000,"adm3_psgc":600411000,"adm4_psgc":600411001,"adm4_en":"Agbalogo","geo_level":"Bgy","len_crs":12050,"area_crs":6257080,"len_km":12,"area_km2":6,"province":"Aklan","municipality":"Makato","municipality_psgc":"600411000","flood_status":"normal"},"id":600411001},{"type":"Feature","geometry":{"type":"Polygon","coordinates":[[[122.30099452600007,11.691353975000027],[122.29587891700011,11.693797489000076],[122.29372870200008,11.688701015000047],[122.2832919870001,11.685037920000068],[122.27408955200009,11.675199768000027],[122.27499692000004,11.673729879000064],[122.28436853800008,11.673481728000072],[122.30099452600007,11.691353975000027]]]},"properties":{"adm1_psgc":600000000,"adm2_psgc":600400000,"adm3_psgc":600411000,"adm4_psgc":600411002,"adm4_en":"Aglucay","geo_level":"Bgy","len_crs":8433,"area_crs":2451225,"len_km":8,"area_km2":2,"province":"Aklan","municipality":"Makato","municipality_psgc":"600411000","flood_status":"normal"},"id":600411002},{"type":"Feature","geometry":{"type":"Polygon","coordinates":[[[122.31985207600006,11.73761064700005],[122.30923483700009,11.74051888400004],[122.29292881800006,11.750096305000055],[122.290663633,11.745042262000025],[122.29812133700013,11.738656070000047],[122.30544938100002,11.738415853000049],[122.30852426700005,11.735048016000063],[122.31985207600006,11.73761064700005]]]},"properties":{"adm1_psgc":600000000,"adm2_psgc":600400000,"adm3_psgc":600411000,"adm4_psgc":600411003,"adm4_en":"Alibagon","geo_level":"Bgy","len_crs":9445,"area_crs":2351646,"len_km":9,"area_km2":2,"province":"Aklan","municipality":"Makato","municipality_psgc":"600411000","flood_status":"normal"},"id":600411003},{"type":"Feature","geometry":{"type":"Polygon","coordinates":[[[122.24636810300002,11.68217935700005],[122.23825889700004,11.687248913000074],[122.23384302200009,11.68047011300007],[122.22412251300011,11.678296205000034],[122.21256441800007,11.668958631000065],[122.232492168,11.668104585000037],[122.24159790400006,11.67037939300007],[122.24636810300002,11.68217935700005]]]},"properties":{"adm1_psgc":600000000,"adm2_psgc":600400000,"adm3_psgc":600411000,"adm4_psgc":600411004,"adm4_en":"Bagong Barrio","geo_level":"Bgy","len_crs":9554,"area_crs":3917585,"len_km":9,"area_km2":3,"province":"Aklan","municipality":"Makato","municipality_psgc":"600411000","flood_status":"normal"},"id":600411004},{"type":"Feature","geometry":{"type":"Polygon","coordinates":[[[122.31985207600006,11.73761064700005],[122.30221919300006,11.747664161000046],[122.28515461800009,11.760082422000039],[122.27528905500003,11.754905250000034],[122.27421594900012,11.74551556700004],[122.27795604000003,11.745121042000047],[122.290663633,11.745042262000025],[122.29292881800006,11.750096305000055],[122.30923483700009,11.74051888400004],[122.31985207600006,11.73761064700005]]]},"properties":{"adm1_psgc":600000000,"adm2_psgc":600400000,"adm3_psgc":600411000,"adm4_psgc":600411005,"adm4_en":"Baybay","geo_level":"Bgy","len_crs":13531,"area_crs":3404210,"len_km":13,"area_km2":3,"province":"Aklan","municipality":"Makato","municipality_psgc":"600411000","flood_status":"normal"},"id":600411005},{"type":"Feature","geometry":{"type":"Polygon","coordinates":[[[122.28720017900004,11.71499357600004],[122.28004247700007,11.715954658000044],[122.26860146500009,11.708194233000029],[122.26449235600012,11.700136150000048],[122.27457694400006,11.693746494000038],[122.28728070700004,11.700798371000074],[122.290088523,11.708090149000046],[122.28720017900004,11.71499357600004]]]},"properties":{"adm1_psgc":600000000,"adm2_psgc":600400000,"adm3_psgc":600411000,"adm4_psgc":600411006,"adm4_en":"Cabatanga","geo_level":"Bgy","len_crs":9358,"area_crs":3735405,"len_km":9,"area_km2":3,"province":"Aklan","municipality":"Makato","municipality_psgc":"600411000","flood_status":"normal"},"id":600411006},{"type":"Feature","geometry":{"type":"Polygon","coordinates":[[[122.30852426700005,11.735048016000063],[122.30544938100002,11.738415853000049],[122.29603230200006,11.724530669000046],[122.29661004300011,11.720530926000038],[122.30112895500007,11.713550179000038],[122.31307740900003,11.716350197000054],[122.30515057700005,11.724056593000052],[122.30852426700005,11.735048016000063]]]},"properties":{"adm1_psgc":600000000,"adm2_psgc":600400000,"adm3_psgc":600411000,"adm4_psgc":600411007,"adm4_en":"Cajilo","geo_level":"Bgy","len_crs":10476,"area_crs":2309526,"len_km":10,"area_km2":2,"province":"Aklan","municipality":"Makato","municipality_psgc":"600411000","flood_status":"normal"},"id":600411007},{"type":"Feature","geometry":{"type":"Polygon","coordinates":[[[122.30109994600004,11.708674265000072],[122.29203100700012,11.70301429900007],[122.29587891700011,11.693797489000076],[122.30099452600007,11.691353975000027],[122.31164324900011,11.702389233000074],[122.30109994600004,11.708674265000072]]]},"properties":{"adm1_psgc":600000000,"adm2_psgc":600400000,"adm3_psgc":600411000,"adm4_psgc":600411008,"adm4_en":"Calangcang","geo_level":"Bgy","len_crs":7465,"area_crs":2335873,"len_km":7,"area_km2":2,"province":"Aklan","municipality":"Makato","municipality_psgc":"600411000","flood_status":"normal"},"id":600411008},{"type":"Feature","geometry":{"type":"Polygon","coordinates":[[[122.27795604000003,11.745121042000047],[122.27421594900012,11.74551556700004],[122.26020768300008,11.73713287700002],[122.25242118300001,11.735797654000065],[122.25705376200007,11.725264823000032],[122.26307716300005,11.725687771000024],[122.28003913000009,11.739787071000025],[122.27795604000003,11.745121042000047]]]},"properties":{"adm1_psgc":600000000,"adm2_psgc":600400000,"adm3_psgc":600411000,"adm4_psgc":600411009,"adm4_en":"Calimbajan","geo_level":"Bgy","len_crs":8808,"area_crs":3481777,"len_km":8,"area_km2":3,"province":"Aklan","municipality":"Makato","municipality_psgc":"600411000","flood_status":"normal"},"id":600411009},{"type":"Feature","geometry":{"type":"Polygon","coordinates":[[[122.26307716300005,11.725687771000024],[122.25705376200007,11.725264823000032],[122.25242118300001,11.735797654000065],[122.24220093500003,11.718618653000021],[122.23981350300005,11.710845620000041],[122.25588699100003,11.716541198000074],[122.26525998900003,11.717284644000072],[122.26307716300005,11.725687771000024]]]},"properties":{"adm1_psgc":600000000,"adm2_psgc":600400000,"adm3_psgc":600411000,"adm4_psgc":600411010,"adm4_en":"Castillo","geo_level":"Bgy","len_crs":8964,"area_crs":3409006,"len_km":8,"area_km2":3,"province":"Aklan","municipality":"Makato","municipality_psgc":"600411000","flood_status":"normal"},"id":600411010},{"type":"Feature","geometry":{"type":"Polygon","coordinates":[[[122.29587891700011,11.693797489000076],[122.29203100700012,11.70301429900007],[122.28728070700004,11.700798371000074],[122.27457694400006,11.693746494000038],[122.27301103800005,11.687106078000056],[122.27408955200009,11.675199768000027],[122.2832919870001,11.685037920000068],[122.29372870200008,11.688701015000047],[122.29587891700011,11.693797489000076]]]},"properties":{"adm1_psgc":600000000,"adm2_psgc":600400000,"adm3_psgc":600411000,"adm4_psgc":600411011,"adm4_en":"Cayangwan","geo_level":"Bgy","len_crs":10298,"area_crs":3493280,"len_km":10,"area_km2":3,"province":"Aklan","municipality":"Makato","municipality_psgc":"600411000","flood_status":"normal"},"id":600411011},{"type":"Feature","geometry":{"type":"Polygon","coordinates":[[[122.28089681000006,11.73084548400004],[122.27372935600012,11.729854898000042],[122.27504205900004,11.720137002000056],[122.28004247700007,11.715954658000044],[122.28720017900004,11.71499357600004],[122.28759875800007,11.71610539300002],[122.28537114900007,11.727138544000072],[122.28089681000006,11.73084548400004]]]},"properties":{"adm1_psgc":600000000,"adm2_psgc":600400000,"adm3_psgc":600411000,"adm4_psgc":600411012,"adm4_en":"Dumga","geo_level":"Bgy","len_crs":6255,"area_crs":1940706,"len_km":6,"area_km2":1,"province":"Aklan","municipality":"Makato","municipality_psgc":"600411000","flood_status":"normal"},"id":600411012},{"type":"Feature","geometry":{"type":"Polygon","coordinates":[[[122.27301103800005,11.687106078000056],[122.25765685500006,11.690448199000059],[122.25467305000006,11.683430462000045],[122.24636810300002,11.68217935700005],[122.24159790400006,11.67037939300007],[122.27499692000004,11.673729879000064],[122.27408955200009,11.675199768000027],[122.27301103800005,11.687106078000056]]]},"properties":{"adm1_psgc":600000000,"adm2_psgc":600400000,"adm3_psgc":600411000,"adm4_psgc":600411013,"adm4_en":"Libang","geo_level":"Bgy","len_crs":10744,"area_crs":4772843,"len_km":10,"area_km2":4,"province":"Aklan","municipality":"Makato","municipality_psgc":"600411000","flood_status":"normal"},"id":600411013},{"type":"Feature","geometry":{"type":"Polygon","coordinates":[[[122.31164324900011,11.702389233000074],[122.31307740900003,11.716350197000054],[122.30112895500007,11.713550179000038],[122.30109994600004,11.708674265000072],[122.31164324900011,11.702389233000074]]]},"properties":{"adm1_psgc":600000000,"adm2_psgc":600400000,"adm3_psgc":600411000,"adm4_psgc":600411014,"adm4_en":"Mantiguib","geo_level":"Bgy","len_crs":5442,"area_crs":1527964,"len_km":5,"area_km2":1,"province":"Aklan","municipality":"Makato","municipality_psgc":"600411000","flood_status":"normal"},"id":600411014},{"type":"Feature","geometry":{"type":"Polygon","coordinates":[[[122.30112895500007,11.713550179000038],[122.29661004300011,11.720530926000038],[122.28759875800007,11.71610539300002],[122.28720017900004,11.71499357600004],[122.290088523,11.708090149000046],[122.28728070700004,11.700798371000074],[122.29203100700012,11.70301429900007],[122.30109994600004,11.708674265000072],[122.30112895500007,11.713550179000038]]]},"properties":{"adm1_psgc":600000000,"adm2_psgc":600400000,"adm3_psgc":600411000,"adm4_psgc":600411015,"adm4_en":"Poblacion","geo_level":"Bgy","len_crs":7844,"area_crs":1966149,"len_km":7,"area_km2":1,"province":"Aklan","municipality":"Makato","municipality_psgc":"600411000","flood_status":"normal"},"id":600411015},{"type":"Feature","geometry":{"type":"Polygon","coordinates":[[[122.26449235600012,11.700136150000048],[122.25196346900009,11.700889314000051],[122.23948037300012,11.697798029000067],[122.23825889700004,11.687248913000074],[122.24636810300002,11.68217935700005],[122.25467305000006,11.683430462000045],[122.25765685500006,11.690448199000059],[122.27301103800005,11.687106078000056],[122.27457694400006,11.693746494000038],[122.26449235600012,11.700136150000048]]]},"properties":{"adm1_psgc":600000000,"adm2_psgc":600400000,"adm3_psgc":600411000,"adm4_psgc":600411016,"adm4_en":"Tibiawan","geo_level":"Bgy","len_crs":11380,"area_crs":5733463,"len_km":11,"area_km2":5,"province":"Aklan","municipality":"Makato","municipality_psgc":"600411000","flood_status":"normal"},"id":600411016},{"type":"Feature","geometry":{"type":"Polygon","coordinates":[[[122.28089681000006,11.73084548400004],[122.28003913000009,11.739787071000025],[122.26307716300005,11.725687771000024],[122.26525998900003,11.717284644000072],[122.27504205900004,11.720137002000056],[122.27372935600012,11.729854898000042],[122.28089681000006,11.73084548400004]]]},"properties":{"adm1_psgc":600000000,"adm2_psgc":600400000,"adm3_psgc":600411000,"adm4_psgc":600411017,"adm4_en":"Tina","geo_level":"Bgy","len_crs":8504,"area_crs":1936406,"len_km":8,"area_km2":1,"province":"Aklan","municipality":"Makato","municipality_psgc":"600411000","flood_status":"normal"},"id":600411017},{"type":"Feature","geometry":{"type":"Polygon","coordinates":[[[122.290663633,11.745042262000025],[122.27795604000003,11.745121042000047],[122.28003913000009,11.739787071000025],[122.28089681000006,11.73084548400004],[122.28537114900007,11.727138544000072],[122.28759875800007,11.71610539300002],[122.29661004300011,11.720530926000038],[122.29603230200006,11.724530669000046],[122.30544938100002,11.738415853000049],[122.29812133700013,11.738656070000047],[122.290663633,11.745042262000025]]]},"properties":{"adm1_psgc":600000000,"adm2_psgc":600400000,"adm3_psgc":600411000,"adm4_psgc":600411018,"adm4_en":"Tugas","geo_level":"Bgy","len_crs":11493,"area_crs":5224060,"len_km":11,"area_km2":5,"province":"Aklan","municipality":"Makato","municipality_psgc":"600411000","flood_status":"normal"},"id":600411018},{"type":"Feature","geometry":{"type":"Polygon","coordinates":[[[121.94472895600008,11.905845461000068],[121.94558463800003,11.908803344000034],[121.94423873500011,11.915875608000018],[121.93560369800002,11.911303991000066],[121.93524175800007,11.908277520000068],[121.93914702500001,11.905501913000021],[121.94016867100004,11.907431689000079],[121.94472895600008,11.905845461000068]]]},"properties":{"adm1_psgc":600000000,"adm2_psgc":600400000,"adm3_psgc":600412000,"adm4_psgc":600412001,"adm4_en":"Argao","geo_level":"Bgy","len_crs":4460,"area_crs":839234,"len_km":4,"area_km2":0,"province":"Aklan","municipality":"Malay","municipality_psgc":"600412000","flood_status":"normal"},"id":600412001},{"type":"Feature","geometry":{"type":"Polygon","coordinates":[[[121.93283081000004,11.960521458000075],[121.92813826800011,11.966982562000055],[121.92720573300006,11.970059879000075],[121.93022450900004,11.974530054000066],[121.93012064700008,11.981653600000072],[121.92671357800009,11.98215526600006],[121.92240641600006,11.981560906000027],[121.9166308560001,11.979148330000044],[121.91000864300007,11.977486251000073],[121.91421040700004,11.974341845000026],[121.92416211900002,11.961779904000023],[121.92776743500009,11.955535132000021],[121.93283081000004,11.960521458000075]]]},"properties":{"adm1_psgc":600000000,"adm2_psgc":600400000,"adm3_psgc":600412000,"adm4_psgc":600412002,"adm4_en":"Balabag","geo_level":"Bgy","len_crs":10136,"area_crs":3234634,"len_km":10,"area_km2":3,"province":"Aklan","municipality":"Malay","municipality_psgc":"600412000","flood_status":"normal"},"id":600412002},{"type":"Feature","geometry":{"type":"Polygon","coordinates":[[[121.92238633600005,11.895330583000032],[121.92158671600009,11.900284757000067],[121.91918022400012,11.90357223400002],[121.91172771300012,11.900752411000044],[121.91505426300013,11.89563486000003],[121.91634866000004,11.89433382100003],[121.9220995930001,11.89349675200003],[121.92238633600005,11.895330583000032]]]},"properties":{"adm1_psgc":600000000,"adm2_psgc":600400000,"adm3_psgc":600412000,"adm4_psgc":600412003,"adm4_en":"Balusbus","geo_level":"Bgy","len_crs":4040,"area_crs":852037,"len_km":4,"area_km2":0,"province":"Aklan","municipality":"Malay","municipality_psgc":"600412000","flood_status":"normal"},"id":600412003},{"type":"Feature","geometry":{"type":"Polygon","coordinates":[[[121.9220995930001,11.89349675200003],[121.91634866000004,11.89433382100003],[121.91505426300013,11.89563486000003],[121.91140807300009,11.895099405000053],[121.91019705200004,11.886530932000024],[121.90984460500012,11.879680275000055],[121.90853596200009,11.874487918000055],[121.90572223800007,11.870509535000053],[121.91233372000012,11.869106648000068],[121.92000295900004,11.865603415000065],[121.92379506900012,11.86295030700006],[121.92721316100005,11.861815438000063],[121.92706315100008,11.86433909600004],[121.9294020010001,11.866548009000043],[121.93158492700002,11.87322672400006],[121.92870034600003,11.880970914000045],[121.92290519700008,11.889598669000065],[121.9220995930001,11.89349675200003]]]},"properties":{"adm1_psgc":600000000,"adm2_psgc":600400000,"adm3_psgc":600412000,"adm4_psgc":600412004,"adm4_en":"Cabulihan","geo_level":"Bgy","len_crs":11483,"area_crs":6252745,"len_km":11,"area_km2":6,"province":"Aklan","municipality":"Malay","municipality_psgc":"600412000","flood_status":"normal"},"id":600412004},{"type":"Feature","geometry":{"type":"Polygon","coordinates":[[[121.9769383580001,11.900736646000041],[121.97450694000008,11.90591321400007],[121.970657983,11.90767798400003],[121.97140154500005,11.912451863000056],[121.9652401090001,11.921948573000064],[121.95882970900004,11.926057442000058],[121.9594933410001,11.929799196000035],[121.95752146700009,11.934206225000025],[121.95432251000013,11.936415461000024],[121.95447681400003,11.938696197000072],[121.95115797000007,11.939131072000064],[121.95044448600005,11.936260730000072],[121.94997308400002,11.924405987000057],[121.94866172400009,11.920269094000046],[121.95225672600009,11.917224993000046],[121.95149708300005,11.912357159000067],[121.95375804800007,11.910137919000022],[121.96199579100005,11.906395736000032],[121.9621192950001,11.903863896000074],[121.96583677800002,11.901418508000063],[121.97403499900008,11.898443763000046],[121.9769383580001,11.900736646000041]]]},"properties":{"adm1_psgc":600000000,"adm2_psgc":600400000,"adm3_psgc":600412000,"adm4_psgc":600412005,"adm4_en":"Caticlan","geo_level":"Bgy","len_crs":15083,"area_crs":5683680,"len_km":15,"area_km2":5,"province":"Aklan","municipality":"Malay","municipality_psgc":"600412000","flood_status":"normal"},"id":600412005},{"type":"Feature","geometry":{"type":"Polygon","coordinates":[[[121.93914702500001,11.905501913000021],[121.93524175800007,11.908277520000068],[121.93285422700002,11.905535800000049],[121.932262992,11.903193601000053],[121.93926290200012,11.889593916000026],[121.93934260000003,11.885794935000035],[121.9436463410001,11.88358993300005],[121.9488484740001,11.884016782000058],[121.9492140430001,11.88930347200005],[121.94617700800006,11.891159437000054],[121.94370238800002,11.895011972000077],[121.93920307700012,11.899455042000056],[121.93914702500001,11.905501913000021]]]},"properties":{"adm1_psgc":600000000,"adm2_psgc":600400000,"adm3_psgc":600412000,"adm4_psgc":600412006,"adm4_en":"Cogon","geo_level":"Bgy","len_crs":7735,"area_crs":1930050,"len_km":7,"area_km2":1,"province":"Aklan","municipality":"Malay","municipality_psgc":"600412000","flood_status":"normal"},"id":600412006},{"type":"Feature","geometry":{"type":"Polygon","coordinates":[[[121.93560369800002,11.911303991000066],[121.93035844200007,11.909758540000041],[121.93285422700002,11.905535800000049],[121.93524175800007,11.908277520000068],[121.93560369800002,11.911303991000066]]]},"properties":{"adm1_psgc":600000000,"adm2_psgc":600400000,"adm3_psgc":600412000,"adm4_psgc":600412007,"adm4_en":"Cubay Norte","geo_level":"Bgy","len_crs":2436,"area_crs":255402,"len_km":2,"area_km2":0,"province":"Aklan","municipality":"Malay","municipality_psgc":"600412000","flood_status":"normal"},"id":600412007},{"type":"Feature","geometry":{"type":"Polygon","coordinates":[[[121.93285422700002,11.905535800000049],[121.93035844200007,11.909758540000041],[121.9274132580001,11.908305193000045],[121.92634636300012,11.904100733000066],[121.92833798000002,11.899833276000036],[121.92907880200006,11.890555353000027],[121.93235958900004,11.88988508500006],[121.93521704800003,11.891790057000035],[121.93609898000011,11.888156499000047],[121.93934260000003,11.885794935000035],[121.93926290200012,11.889593916000026],[121.932262992,11.903193601000053],[121.93285422700002,11.905535800000049]]]},"properties":{"adm1_psgc":600000000,"adm2_psgc":600400000,"adm3_psgc":600412000,"adm4_psgc":600412008,"adm4_en":"Cubay Sur","geo_level":"Bgy","len_crs":7749,"area_crs":1651831,"len_km":7,"area_km2":1,"province":"Aklan","municipality":"Malay","municipality_psgc":"600412000","flood_status":"normal"},"id":600412008},{"type":"Feature","geometry":{"type":"Polygon","coordinates":[[[121.91140807300009,11.895099405000053],[121.90923738700008,11.896665598000027],[121.90048716100013,11.894514588000046],[121.90130646700005,11.888351502000035],[121.89848455800006,11.885476847000064],[121.89268250100008,11.886531766000076],[121.89594789000012,11.88119138800005],[121.90272414000003,11.872717520000037],[121.90572223800007,11.870509535000053],[121.90853596200009,11.874487918000055],[121.90984460500012,11.879680275000055],[121.91019705200004,11.886530932000024],[121.91140807300009,11.895099405000053]]]},"properties":{"adm1_psgc":600000000,"adm2_psgc":600400000,"adm3_psgc":600412000,"adm4_psgc":600412009,"adm4_en":"Dumlog","geo_level":"Bgy","len_crs":9053,"area_crs":3072717,"len_km":9,"area_km2":3,"province":"Aklan","municipality":"Malay","municipality_psgc":"600412000","flood_status":"normal"},"id":600412009},{"type":"Feature","geometry":{"type":"Polygon","coordinates":[[[121.92776743500009,11.955535132000021],[121.93081603600001,11.94948655500002],[121.93356751000012,11.94007769500007],[121.94351172400003,11.940699905000033],[121.9454517690001,11.945664324000065],[121.9478261810001,11.94774984600002],[121.94698429200004,11.954844540000067],[121.94088745900001,11.955981334000056],[121.93790971700003,11.954500018000033],[121.93439107800009,11.957072397000045],[121.93283081000004,11.960521458000075],[121.92776743500009,11.955535132000021]]]},"properties":{"adm1_psgc":600000000,"adm2_psgc":600400000,"adm3_psgc":600412000,"adm4_psgc":600412010,"adm4_en":"Manoc-Manoc","geo_level":"Bgy","len_crs":13478,"area_crs":3084281,"len_km":13,"area_km2":3,"province":"Aklan","municipality":"Malay","municipality_psgc":"600412000","flood_status":"normal"},"id":600412010},{"type":"Feature","geometry":{"type":"Polygon","coordinates":[[[121.90134694900007,11.901407981000032],[121.89463762800005,11.900393972000073],[121.8915615720001,11.89801844000004],[121.88707202000012,11.899884822000045],[121.88489700600007,11.899378408000075],[121.88406360700004,11.895986155000058],[121.88867380800002,11.890593205000073],[121.88978147300008,11.887982280000072],[121.89268250100008,11.886531766000076],[121.89848455800006,11.885476847000064],[121.90130646700005,11.888351502000035],[121.90048716100013,11.894514588000046],[121.90238756800012,11.897647126000038],[121.90134694900007,11.901407981000032]]]},"properties":{"adm1_psgc":600000000,"adm2_psgc":600400000,"adm3_psgc":600412000,"adm4_psgc":600412011,"adm4_en":"Naasug","geo_level":"Bgy","len_crs":6990,"area_crs":2308817,"len_km":6,"area_km2":2,"province":"Aklan","municipality":"Malay","municipality_psgc":"600412000","flood_status":"normal"},"id":600412011},{"type":"Feature","geometry":{"type":"Polygon","coordinates":[[[121.93934260000003,11.885794935000035],[121.93609898000011,11.888156499000047],[121.93521704800003,11.891790057000035],[121.93235958900004,11.88988508500006],[121.92907880200006,11.890555353000027],[121.92833798000002,11.899833276000036],[121.9249350120001,11.896069821000024],[121.92238633600005,11.895330583000032],[121.9220995930001,11.89349675200003],[121.92290519700008,11.889598669000065],[121.92870034600003,11.880970914000045],[121.93158492700002,11.87322672400006],[121.9294020010001,11.866548009000043],[121.92706315100008,11.86433909600004],[121.92721316100005,11.861815438000063],[121.9333560460001,11.858689274000026],[121.94670992800002,11.857948328000075],[121.95317637300002,11.85636539600006],[121.95506242000009,11.854563547000051],[121.9649449850001,11.851536477000025],[121.96562625700007,11.855245625000068],[121.96267407800009,11.860960739000063],[121.95953265800006,11.862626070000031],[121.9577916290001,11.86765991300007],[121.95736904400007,11.873021591000054],[121.95219483700008,11.875889901000049],[121.95008578500006,11.879489351000077],[121.9488484740001,11.884016782000058],[121.9436463410001,11.88358993300005],[121.93934260000003,11.885794935000035]]]},"properties":{"adm1_psgc":600000000,"adm2_psgc":600400000,"adm3_psgc":600412000,"adm4_psgc":600412012,"adm4_en":"Nabaoy","geo_level":"Bgy","len_crs":18074,"area_crs":10484004,"len_km":18,"area_km2":10,"province":"Aklan","municipality":"Malay","municipality_psgc":"600412000","flood_status":"normal"},"id":600412012},{"type":"Feature","geometry":{"type":"Polygon","coordinates":[[[121.94472895600008,11.905845461000068],[121.94016867100004,11.907431689000079],[121.93914702500001,11.905501913000021],[121.93920307700012,11.899455042000056],[121.94370238800002,11.895011972000077],[121.94617700800006,11.891159437000054],[121.9492140430001,11.88930347200005],[121.9488484740001,11.884016782000058],[121.95008578500006,11.879489351000077],[121.95219483700008,11.875889901000049],[121.95736904400007,11.873021591000054],[121.9577916290001,11.86765991300007],[121.95953265800006,11.862626070000031],[121.96267407800009,11.860960739000063],[121.96562625700007,11.855245625000068],[121.9649449850001,11.851536477000025],[121.96918401100004,11.847070361000018],[121.97573179100004,11.84408033400007],[121.98186323900006,11.84218791200004],[121.99620779800011,11.83321783100007],[122.00332330500011,11.825534597000058],[122.010665904,11.822885206000024],[122.007978664,11.829660077000028],[122.00709103700002,11.836337374000037],[122.00191921900011,11.84387283600006],[122.00172313600002,11.845755224000072],[121.9982720910001,11.84873567300002],[121.99729168100008,11.851872986000044],[121.9943504490001,11.855402464000065],[121.99442888200008,11.857755449000024],[121.99019350900006,11.86614776300007],[121.98466399300003,11.870422353000038],[121.982820822,11.876579331000073],[121.981291381,11.879049965000036],[121.98140903,11.882304928000053],[121.98003645600011,11.886501086000067],[121.9758010820001,11.893599258000052],[121.9769383580001,11.900736646000041],[121.97403499900008,11.898443763000046],[121.96583677800002,11.901418508000063],[121.96545391400002,11.898244446000035],[121.96756583900003,11.891081191000069],[121.96564620500008,11.888395706000043],[121.95794333000003,11.893062413000052],[121.9564533570001,11.89921909000003],[121.95316417200002,11.90084962700007],[121.95150552400001,11.899837570000043],[121.94587162900007,11.901142079000069],[121.94374206100007,11.904095995000034],[121.94472895600008,11.905845461000068]]]},"properties":{"adm1_psgc":600000000,"adm2_psgc":600400000,"adm3_psgc":600412000,"adm4_psgc":600412013,"adm4_en":"Napaan","geo_level":"Bgy","len_crs":31856,"area_crs":23414877,"len_km":31,"area_km2":23,"province":"Aklan","municipality":"Malay","municipality_psgc":"600412000","flood_status":"normal"},"id":600412013},{"type":"Feature","geometry":{"type":"Polygon","coordinates":[[[121.91172771300012,11.900752411000044],[121.90134694900007,11.901407981000032],[121.90238756800012,11.897647126000038],[121.90048716100013,11.894514588000046],[121.90923738700008,11.896665598000027],[121.91140807300009,11.895099405000053],[121.91505426300013,11.89563486000003],[121.91172771300012,11.900752411000044]]]},"properties":{"adm1_psgc":600000000,"adm2_psgc":600400000,"adm3_psgc":600412000,"adm4_psgc":600412014,"adm4_en":"Poblacion","geo_level":"Bgy","len_crs":4874,"area_crs":825515,"len_km":4,"area_km2":0,"province":"Aklan","municipality":"Malay","municipality_psgc":"600412000","flood_status":"normal"},"id":600412014},{"type":"Feature","geometry":{"type":"Polygon","coordinates":[[[121.94866172400009,11.920269094000046],[121.94799894900005,11.918429136000043],[121.94423873500011,11.915875608000018],[121.94558463800003,11.908803344000034],[121.94472895600008,11.905845461000068],[121.94374206100007,11.904095995000034],[121.94587162900007,11.901142079000069],[121.95150552400001,11.899837570000043],[121.95316417200002,11.90084962700007],[121.9564533570001,11.89921909000003],[121.95794333000003,11.893062413000052],[121.96564620500008,11.888395706000043],[121.96756583900003,11.891081191000069],[121.96545391400002,11.898244446000035],[121.96583677800002,11.901418508000063],[121.9621192950001,11.903863896000074],[121.96199579100005,11.906395736000032],[121.95375804800007,11.910137919000022],[121.95149708300005,11.912357159000067],[121.95225672600009,11.917224993000046],[121.94866172400009,11.920269094000046]]]},"properties":{"adm1_psgc":600000000,"adm2_psgc":600400000,"adm3_psgc":600412000,"adm4_psgc":600412015,"adm4_en":"San Viray","geo_level":"Bgy","len_crs":12256,"area_crs":3821346,"len_km":12,"area_km2":3,"province":"Aklan","municipality":"Malay","municipality_psgc":"600412000","flood_status":"normal"},"id":600412015},{"type":"Feature","geometry":{"type":"Polygon","coordinates":[[[121.92671357800009,11.98215526600006],[121.9249296700001,11.986848181000028],[121.92565272,11.99142610100006],[121.92520980000008,11.999151523000023],[121.92143616600005,11.999298631000041],[121.91956386100001,11.997171260000071],[121.91161924200003,11.99466103800006],[121.90628888300013,11.990951935000052],[121.90508849700005,11.988213816000043],[121.90714570400006,11.985806946000023],[121.90727427500008,11.982723376000024],[121.91000864300007,11.977486251000073],[121.9166308560001,11.979148330000044],[121.92240641600006,11.981560906000027],[121.92671357800009,11.98215526600006]]]},"properties":{"adm1_psgc":600000000,"adm2_psgc":600400000,"adm3_psgc":600412000,"adm4_psgc":600412016,"adm4_en":"Yapak","geo_level":"Bgy","len_crs":10545,"area_crs":3702151,"len_km":10,"area_km2":3,"province":"Aklan","municipality":"Malay","municipality_psgc":"600412000","flood_status":"normal"},"id":600412016},{"type":"Feature","geometry":{"type":"Polygon","coordinates":[[[121.92833798000002,11.899833276000036],[121.92634636300012,11.904100733000066],[121.9274132580001,11.908305193000045],[121.91918022400012,11.90357223400002],[121.92158671600009,11.900284757000067],[121.92238633600005,11.895330583000032],[121.9249350120001,11.896069821000024],[121.92833798000002,11.899833276000036]]]},"properties":{"adm1_psgc":600000000,"adm2_psgc":600400000,"adm3_psgc":600412000,"adm4_psgc":600412017,"adm4_en":"Motag","geo_level":"Bgy","len_crs":4408,"area_crs":746036,"len_km":4,"area_km2":0,"province":"Aklan","municipality":"Malay","municipality_psgc":"600412000","flood_status":"normal"},"id":600412017},{"type":"Feature","geometry":{"type":"Polygon","coordinates":[[[122.31057725200002,11.660743153000055],[122.30761729000007,11.661869353000041],[122.29982905800013,11.65375806600002],[122.30399847800005,11.64691171000004],[122.30794455500006,11.648516390000054],[122.31057725200002,11.660743153000055]]]},"properties":{"adm1_psgc":600000000,"adm2_psgc":600400000,"adm3_psgc":600413000,"adm4_psgc":600413001,"adm4_en":"Banaybanay","geo_level":"Bgy","len_crs":4802,"area_crs":1017771,"len_km":4,"area_km2":1,"province":"Aklan","municipality":"Malinao","municipality_psgc":"600413000","flood_status":"normal"},"id":600413001},{"type":"Feature","geometry":{"type":"Polygon","coordinates":[[[122.31446951700002,11.644969181000024],[122.31057725200002,11.660743153000055],[122.30794455500006,11.648516390000054],[122.31294996900012,11.644876634000068],[122.31446951700002,11.644969181000024]]]},"properties":{"adm1_psgc":600000000,"adm2_psgc":600400000,"adm3_psgc":600413000,"adm4_psgc":600413002,"adm4_en":"Biga-a","geo_level":"Bgy","len_crs":5957,"area_crs":1906681,"len_km":5,"area_km2":1,"province":"Aklan","municipality":"Malinao","municipality_psgc":"600413000","flood_status":"normal"},"id":600413002},{"type":"Feature","geometry":{"type":"Polygon","coordinates":[[[122.29497121800011,11.571477644000025],[122.27462840700002,11.59046324800005],[122.25462863300002,11.585247687000049],[122.26210789100004,11.577085113000068],[122.28273520800009,11.565557201000045],[122.29497121800011,11.571477644000025]]]},"properties":{"adm1_psgc":600000000,"adm2_psgc":600400000,"adm3_psgc":600413000,"adm4_psgc":600413003,"adm4_en":"Bulabud","geo_level":"Bgy","len_crs":13525,"area_crs":5481156,"len_km":13,"area_km2":5,"province":"Aklan","municipality":"Malinao","municipality_psgc":"600413000","flood_status":"normal"},"id":600413003},{"type":"Feature","geometry":{"type":"Polygon","coordinates":[[[122.29350787800001,11.626323938000041],[122.28211967200002,11.632467158000052],[122.2723448480001,11.62570377000003],[122.2887159170001,11.608945181000022],[122.29350787800001,11.626323938000041]]]},"properties":{"adm1_psgc":600000000,"adm2_psgc":600400000,"adm3_psgc":600413000,"adm4_psgc":600413004,"adm4_en":"Cabayugan","geo_level":"Bgy","len_crs":8326,"area_crs":4102693,"len_km":8,"area_km2":4,"province":"Aklan","municipality":"Malinao","municipality_psgc":"600413000","flood_status":"normal"},"id":600413004},{"type":"Feature","geometry":{"type":"Polygon","coordinates":[[[122.23848702100008,11.582707993000042],[122.24213175500006,11.611535212000035],[122.14542100100005,11.60385185900003],[122.1491168750001,11.595908877000054],[122.13995703900004,11.566394845000046],[122.15406662400005,11.534144826000043],[122.22529974600003,11.550006893000045],[122.21871729300004,11.578217403000053],[122.23848702100008,11.582707993000042]]]},"properties":{"adm1_psgc":600000000,"adm2_psgc":600400000,"adm3_psgc":600413000,"adm4_psgc":600413005,"adm4_en":"Capataga","geo_level":"Bgy","len_crs":35943,"area_crs":67084368,"len_km":35,"area_km2":67,"province":"Aklan","municipality":"Malinao","municipality_psgc":"600413000","flood_status":"normal"},"id":600413005},{"type":"Feature","geometry":{"type":"Polygon","coordinates":[[[122.28235114700011,11.67336200300002],[122.27499692000004,11.673729879000064],[122.26055141100005,11.653060956000047],[122.27348882000003,11.662769350000074],[122.28235114700011,11.67336200300002]]]},"properties":{"adm1_psgc":600000000,"adm2_psgc":600400000,"adm3_psgc":600413000,"adm4_psgc":600413006,"adm4_en":"Cogon","geo_level":"Bgy","len_crs":7216,"area_crs":1635901,"len_km":7,"area_km2":1,"province":"Aklan","municipality":"Malinao","municipality_psgc":"600413000","flood_status":"normal"},"id":600413006},{"type":"Feature","geometry":{"type":"Polygon","coordinates":[[[122.30238322500009,11.643752360000063],[122.3021484090001,11.645267994000049],[122.28787584200006,11.645180285000036],[122.28211967200002,11.632467158000052],[122.29350787800001,11.626323938000041],[122.29271463600001,11.63156580900005],[122.30238322500009,11.643752360000063]]]},"properties":{"adm1_psgc":600000000,"adm2_psgc":600400000,"adm3_psgc":600413000,"adm4_psgc":600413007,"adm4_en":"Dangcalan","geo_level":"Bgy","len_crs":7990,"area_crs":2514327,"len_km":7,"area_km2":2,"province":"Aklan","municipality":"Malinao","municipality_psgc":"600413000","flood_status":"normal"},"id":600413007},{"type":"Feature","geometry":{"type":"Polygon","coordinates":[[[122.31155539100008,11.60841663100007],[122.31214326900009,11.618199244000039],[122.29165244500008,11.609222954000074],[122.29440068200005,11.605183141000053],[122.31155539100008,11.60841663100007]]]},"properties":{"adm1_psgc":600000000,"adm2_psgc":600400000,"adm3_psgc":600413000,"adm4_psgc":600413008,"adm4_en":"Kinalangay Nuevo","geo_level":"Bgy","len_crs":7207,"area_crs":2523892,"len_km":7,"area_km2":2,"province":"Aklan","municipality":"Malinao","municipality_psgc":"600413000","flood_status":"normal"},"id":600413008},{"type":"Feature","geometry":{"type":"Polygon","coordinates":[[[122.2887159170001,11.608945181000022],[122.2723448480001,11.62570377000003],[122.24213175500006,11.611535212000035],[122.23848702100008,11.582707993000042],[122.25462863300002,11.585247687000049],[122.27462840700002,11.59046324800005],[122.29440068200005,11.605183141000053],[122.29165244500008,11.609222954000074],[122.2887159170001,11.608945181000022]]]},"properties":{"adm1_psgc":600000000,"adm2_psgc":600400000,"adm3_psgc":600413000,"adm4_psgc":600413009,"adm4_en":"Kinalangay Viejo","geo_level":"Bgy","len_crs":18897,"area_crs":17112671,"len_km":18,"area_km2":17,"province":"Aklan","municipality":"Malinao","municipality_psgc":"600413000","flood_status":"normal"},"id":600413009},{"type":"Feature","geometry":{"type":"Polygon","coordinates":[[[122.28812495700004,11.672354041000062],[122.28235114700011,11.67336200300002],[122.27348882000003,11.662769350000074],[122.27999629800001,11.648103449000075],[122.28787584200006,11.645180285000036],[122.29635749400006,11.655090136000068],[122.28812495700004,11.672354041000062]]]},"properties":{"adm1_psgc":600000000,"adm2_psgc":600400000,"adm3_psgc":600413000,"adm4_psgc":600413010,"adm4_en":"Lilo-an","geo_level":"Bgy","len_crs":8977,"area_crs":4395458,"len_km":8,"area_km2":4,"province":"Aklan","municipality":"Malinao","municipality_psgc":"600413000","flood_status":"normal"},"id":600413010},{"type":"Feature","geometry":{"type":"Polygon","coordinates":[[[122.29982905800013,11.65375806600002],[122.29635749400006,11.655090136000068],[122.28787584200006,11.645180285000036],[122.3021484090001,11.645267994000049],[122.30399847800005,11.64691171000004],[122.29982905800013,11.65375806600002]]]},"properties":{"adm1_psgc":600000000,"adm2_psgc":600400000,"adm3_psgc":600413000,"adm4_psgc":600413011,"adm4_en":"Malandayon","geo_level":"Bgy","len_crs":5475,"area_crs":1463249,"len_km":5,"area_km2":1,"province":"Aklan","municipality":"Malinao","municipality_psgc":"600413000","flood_status":"normal"},"id":600413011},{"type":"Feature","geometry":{"type":"Polygon","coordinates":[[[122.30928119900011,11.62949419700004],[122.31446951700002,11.644969181000024],[122.31294996900012,11.644876634000068],[122.30238322500009,11.643752360000063],[122.29271463600001,11.63156580900005],[122.30928119900011,11.62949419700004]]]},"properties":{"adm1_psgc":600000000,"adm2_psgc":600400000,"adm3_psgc":600413000,"adm4_psgc":600413012,"adm4_en":"Manhanip","geo_level":"Bgy","len_crs":8224,"area_crs":2390539,"len_km":8,"area_km2":2,"province":"Aklan","municipality":"Malinao","municipality_psgc":"600413000","flood_status":"normal"},"id":600413012},{"type":"Feature","geometry":{"type":"Polygon","coordinates":[[[122.30733485500004,11.588826704000041],[122.31155539100008,11.60841663100007],[122.29440068200005,11.605183141000053],[122.27462840700002,11.59046324800005],[122.30733485500004,11.588826704000041]]]},"properties":{"adm1_psgc":600000000,"adm2_psgc":600400000,"adm3_psgc":600413000,"adm4_psgc":600413013,"adm4_en":"Navitas","geo_level":"Bgy","len_crs":13180,"area_crs":5043905,"len_km":13,"area_km2":5,"province":"Aklan","municipality":"Malinao","municipality_psgc":"600413000","flood_status":"normal"},"id":600413013},{"type":"Feature","geometry":{"type":"Polygon","coordinates":[[[122.25276988000007,11.671963352000036],[122.21132341500004,11.667569634000074],[122.21179468600008,11.638855291000024],[122.17375037700003,11.631962717000022],[122.1452340390001,11.637301084000057],[122.14542100100005,11.60385185900003],[122.24213175500006,11.611535212000035],[122.26179055100012,11.642292238000039],[122.26055141100005,11.653060956000047],[122.25276988000007,11.671963352000036]]]},"properties":{"adm1_psgc":600000000,"adm2_psgc":600400000,"adm3_psgc":600413000,"adm4_psgc":600413014,"adm4_en":"Osman","geo_level":"Bgy","len_crs":40131,"area_crs":53195388,"len_km":40,"area_km2":53,"province":"Aklan","municipality":"Malinao","municipality_psgc":"600413000","flood_status":"normal"},"id":600413014},{"type":"Feature","geometry":{"type":"Polygon","coordinates":[[[122.31294996900012,11.644876634000068],[122.30794455500006,11.648516390000054],[122.30399847800005,11.64691171000004],[122.3021484090001,11.645267994000049],[122.30238322500009,11.643752360000063],[122.31294996900012,11.644876634000068]]]},"properties":{"adm1_psgc":600000000,"adm2_psgc":600400000,"adm3_psgc":600413000,"adm4_psgc":600413015,"adm4_en":"Poblacion","geo_level":"Bgy","len_crs":3702,"area_crs":710862,"len_km":3,"area_km2":0,"province":"Aklan","municipality":"Malinao","municipality_psgc":"600413000","flood_status":"normal"},"id":600413015},{"type":"Feature","geometry":{"type":"Polygon","coordinates":[[[122.30733485500004,11.588826704000041],[122.27462840700002,11.59046324800005],[122.29497121800011,11.571477644000025],[122.30733485500004,11.588826704000041]]]},"properties":{"adm1_psgc":600000000,"adm2_psgc":600400000,"adm3_psgc":600413000,"adm4_psgc":600413016,"adm4_en":"Rosario","geo_level":"Bgy","len_crs":11204,"area_crs":4201407,"len_km":11,"area_km2":4,"province":"Aklan","municipality":"Malinao","municipality_psgc":"600413000","flood_status":"normal"},"id":600413016},{"type":"Feature","geometry":{"type":"Polygon","coordinates":[[[122.27499692000004,11.673729879000064],[122.25276988000007,11.671963352000036],[122.26055141100005,11.653060956000047],[122.27499692000004,11.673729879000064]]]},"properties":{"adm1_psgc":600000000,"adm2_psgc":600400000,"adm3_psgc":600413000,"adm4_psgc":600413017,"adm4_en":"San Dimas","geo_level":"Bgy","len_crs":8433,"area_crs":3031809,"len_km":8,"area_km2":3,"province":"Aklan","municipality":"Malinao","municipality_psgc":"600413000","flood_status":"normal"},"id":600413017},{"type":"Feature","geometry":{"type":"Polygon","coordinates":[[[122.30761729000007,11.661869353000041],[122.28812495700004,11.672354041000062],[122.29635749400006,11.655090136000068],[122.29982905800013,11.65375806600002],[122.30761729000007,11.661869353000041]]]},"properties":{"adm1_psgc":600000000,"adm2_psgc":600400000,"adm3_psgc":600413000,"adm4_psgc":600413018,"adm4_en":"San Ramon","geo_level":"Bgy","len_crs":6399,"area_crs":2223628,"len_km":6,"area_km2":2,"province":"Aklan","municipality":"Malinao","municipality_psgc":"600413000","flood_status":"normal"},"id":600413018},{"type":"Feature","geometry":{"type":"Polygon","coordinates":[[[122.27999629800001,11.648103449000075],[122.27348882000003,11.662769350000074],[122.26055141100005,11.653060956000047],[122.26179055100012,11.642292238000039],[122.27999629800001,11.648103449000075]]]},"properties":{"adm1_psgc":600000000,"adm2_psgc":600400000,"adm3_psgc":600413000,"adm4_psgc":600413019,"adm4_en":"San Roque","geo_level":"Bgy","len_crs":7050,"area_crs":3164304,"len_km":7,"area_km2":3,"province":"Aklan","municipality":"Malinao","municipality_psgc":"600413000","flood_status":"normal"},"id":600413019},{"type":"Feature","geometry":{"type":"Polygon","coordinates":[[[122.28273520800009,11.565557201000045],[122.26210789100004,11.577085113000068],[122.25138672000004,11.556567975000064],[122.28273520800009,11.565557201000045]]]},"properties":{"adm1_psgc":600000000,"adm2_psgc":600400000,"adm3_psgc":600413000,"adm4_psgc":600413020,"adm4_en":"Sipac","geo_level":"Bgy","len_crs":11069,"area_crs":4408517,"len_km":11,"area_km2":4,"province":"Aklan","municipality":"Malinao","municipality_psgc":"600413000","flood_status":"normal"},"id":600413020},{"type":"Feature","geometry":{"type":"Polygon","coordinates":[[[122.26210789100004,11.577085113000068],[122.25462863300002,11.585247687000049],[122.23848702100008,11.582707993000042],[122.21871729300004,11.578217403000053],[122.22529974600003,11.550006893000045],[122.25138672000004,11.556567975000064],[122.26210789100004,11.577085113000068]]]},"properties":{"adm1_psgc":600000000,"adm2_psgc":600400000,"adm3_psgc":600413000,"adm4_psgc":600413021,"adm4_en":"Sugnod","geo_level":"Bgy","len_crs":14567,"area_crs":11524499,"len_km":14,"area_km2":11,"province":"Aklan","municipality":"Malinao","municipality_psgc":"600413000","flood_status":"normal"},"id":600413021},{"type":"Feature","geometry":{"type":"Polygon","coordinates":[[[122.30928119900011,11.62949419700004],[122.29271463600001,11.63156580900005],[122.29350787800001,11.626323938000041],[122.2887159170001,11.608945181000022],[122.29165244500008,11.609222954000074],[122.31214326900009,11.618199244000039],[122.30928119900011,11.62949419700004]]]},"properties":{"adm1_psgc":600000000,"adm2_psgc":600400000,"adm3_psgc":600413000,"adm4_psgc":600413022,"adm4_en":"Tambuan","geo_level":"Bgy","len_crs":8917,"area_crs":3378858,"len_km":8,"area_km2":3,"province":"Aklan","municipality":"Malinao","municipality_psgc":"600413000","flood_status":"normal"},"id":600413022},{"type":"Feature","geometry":{"type":"Polygon","coordinates":[[[122.28787584200006,11.645180285000036],[122.27999629800001,11.648103449000075],[122.26179055100012,11.642292238000039],[122.24213175500006,11.611535212000035],[122.2723448480001,11.62570377000003],[122.28211967200002,11.632467158000052],[122.28787584200006,11.645180285000036]]]},"properties":{"adm1_psgc":600000000,"adm2_psgc":600400000,"adm3_psgc":600413000,"adm4_psgc":600413023,"adm4_en":"Tigpalas","geo_level":"Bgy","len_crs":13922,"area_crs":6790611,"len_km":13,"area_km2":6,"province":"Aklan","municipality":"Malinao","municipality_psgc":"600413000","flood_status":"normal"},"id":600413023},{"type":"Feature","geometry":{"type":"Polygon","coordinates":[[[122.09813116300008,11.823457158000052],[122.10169358200005,11.829836091000058],[122.09368014400003,11.832298054000036],[122.0938210690001,11.824515623000025],[122.09813116300008,11.823457158000052]]]},"properties":{"adm1_psgc":600000000,"adm2_psgc":600400000,"adm3_psgc":600414000,"adm4_psgc":600414001,"adm4_en":"Alimbo Baybay","geo_level":"Bgy","len_crs":3253,"area_crs":486657,"len_km":3,"area_km2":0,"province":"Aklan","municipality":"Nabas","municipality_psgc":"600414000","flood_status":"normal"},"id":600414001},{"type":"Feature","geometry":{"type":"Polygon","coordinates":[[[122.08591633900005,11.83517346700006],[122.07613174100004,11.840219483000055],[122.07300050000003,11.835066604000078],[122.07424738100008,11.83230755100004],[122.08183342600012,11.828121193000076],[122.0818391790001,11.829886754000025],[122.08591633900005,11.83517346700006]]]},"properties":{"adm1_psgc":600000000,"adm2_psgc":600400000,"adm3_psgc":600414000,"adm4_psgc":600414002,"adm4_en":"Buenasuerte","geo_level":"Bgy","len_crs":4416,"area_crs":1024446,"len_km":4,"area_km2":1,"province":"Aklan","municipality":"Nabas","municipality_psgc":"600414000","flood_status":"normal"},"id":600414002},{"type":"Feature","geometry":{"type":"Polygon","coordinates":[[[122.04501626800005,11.83800811900005],[122.04200067700003,11.839418006000072],[122.03600865700004,11.837733974000058],[122.03502956900002,11.834640055000023],[122.03730105300008,11.826768186000038],[122.03030658600005,11.820472016000055],[122.0265239360001,11.814826519000066],[122.05416372600007,11.799218607000057],[122.06350560400006,11.806745557000056],[122.08440524200012,11.821768806000023],[122.08183342600012,11.828121193000076],[122.07424738100008,11.83230755100004],[122.06910601600009,11.828727955000033],[122.063311268,11.829892560000074],[122.05955866700002,11.834127194000075],[122.05342467000001,11.835646782000024],[122.04922564300013,11.834069370000067],[122.04501626800005,11.83800811900005]]]},"properties":{"adm1_psgc":600000000,"adm2_psgc":600400000,"adm3_psgc":600414000,"adm4_psgc":600414003,"adm4_en":"Buenafortuna","geo_level":"Bgy","len_crs":17552,"area_crs":15358715,"len_km":17,"area_km2":15,"province":"Aklan","municipality":"Nabas","municipality_psgc":"600414000","flood_status":"normal"},"id":600414003},{"type":"Feature","geometry":{"type":"Polygon","coordinates":[[[122.0938210690001,11.824515623000025],[122.0818391790001,11.829886754000025],[122.08183342600012,11.828121193000076],[122.08440524200012,11.821768806000023],[122.08837441200002,11.817062382000076],[122.08967105500004,11.817027879000022],[122.0938210690001,11.824515623000025]]]},"properties":{"adm1_psgc":600000000,"adm2_psgc":600400000,"adm3_psgc":600414000,"adm4_psgc":600414004,"adm4_en":"Buenavista","geo_level":"Bgy","len_crs":4333,"area_crs":981924,"len_km":4,"area_km2":0,"province":"Aklan","municipality":"Nabas","municipality_psgc":"600414000","flood_status":"normal"},"id":600414004},{"type":"Feature","geometry":{"type":"Polygon","coordinates":[[[122.05395498500003,11.853629652000052],[122.03607051100005,11.866912076000062],[122.03318288700007,11.872157792000054],[122.03289996900003,11.863726803000077],[122.02998076900008,11.859901018000073],[122.03595301400003,11.849327587000062],[122.04795077100005,11.847154784000056],[122.05395498500003,11.853629652000052]]]},"properties":{"adm1_psgc":600000000,"adm2_psgc":600400000,"adm3_psgc":600414000,"adm4_psgc":600414005,"adm4_en":"Gibon","geo_level":"Bgy","len_crs":8740,"area_crs":3134633,"len_km":8,"area_km2":3,"province":"Aklan","municipality":"Nabas","municipality_psgc":"600414000","flood_status":"normal"},"id":600414005},{"type":"Feature","geometry":{"type":"Polygon","coordinates":[[[122.03318288700007,11.872157792000054],[122.02495664600009,11.879898422000052],[122.01808686600009,11.877071941000052],[122.019109994,11.86719653800003],[122.011859135,11.860034648000068],[122.01125069400005,11.855508977000055],[122.01624693000008,11.857948999000026],[122.02998076900008,11.859901018000073],[122.03289996900003,11.863726803000077],[122.03318288700007,11.872157792000054]]]},"properties":{"adm1_psgc":600000000,"adm2_psgc":600400000,"adm3_psgc":600414000,"adm4_psgc":600414006,"adm4_en":"Habana","geo_level":"Bgy","len_crs":8731,"area_crs":3488605,"len_km":8,"area_km2":3,"province":"Aklan","municipality":"Nabas","municipality_psgc":"600414000","flood_status":"normal"},"id":600414006},{"type":"Feature","geometry":{"type":"Polygon","coordinates":[[[122.02998076900008,11.859901018000073],[122.01624693000008,11.857948999000026],[122.01125069400005,11.855508977000055],[122.00841562100003,11.852511235000062],[122.00818323800003,11.845934794000073],[122.00491325400004,11.839820502000068],[122.0109308420001,11.822090389000037],[122.0265239360001,11.814826519000066],[122.03030658600005,11.820472016000055],[122.03730105300008,11.826768186000038],[122.03502956900002,11.834640055000023],[122.03600865700004,11.837733974000058],[122.04200067700003,11.839418006000072],[122.04501626800005,11.83800811900005],[122.04826163400003,11.843570135000048],[122.04795077100005,11.847154784000056],[122.03595301400003,11.849327587000062],[122.02998076900008,11.859901018000073]]]},"properties":{"adm1_psgc":600000000,"adm2_psgc":600400000,"adm3_psgc":600414000,"adm4_psgc":600414007,"adm4_en":"Laserna","geo_level":"Bgy","len_crs":16211,"area_crs":14195672,"len_km":16,"area_km2":14,"province":"Aklan","municipality":"Nabas","municipality_psgc":"600414000","flood_status":"normal"},"id":600414007},{"type":"Feature","geometry":{"type":"Polygon","coordinates":[[[122.02495664600009,11.879898422000052],[122.02044967300004,11.88660876800003],[122.0184560460001,11.893225010000036],[122.00475405900012,11.903438087000042],[122.00208888500003,11.900181737000024],[122.0022319960001,11.89438573700005],[122.00869348100004,11.889841325000075],[122.01271250800005,11.880232617000047],[122.01808686600009,11.877071941000052],[122.02495664600009,11.879898422000052]]]},"properties":{"adm1_psgc":600000000,"adm2_psgc":600400000,"adm3_psgc":600414000,"adm4_psgc":600414008,"adm4_en":"Libertad","geo_level":"Bgy","len_crs":8417,"area_crs":3079368,"len_km":8,"area_km2":3,"province":"Aklan","municipality":"Nabas","municipality_psgc":"600414000","flood_status":"normal"},"id":600414008},{"type":"Feature","geometry":{"type":"Polygon","coordinates":[[[122.08967105500004,11.817027879000022],[122.08837441200002,11.817062382000076],[122.08081712900002,11.81254194200005],[122.07518569800004,11.798618931000021],[122.06699279300004,11.795691428000051],[122.065817,11.792590862000052],[122.07541857100011,11.784862795000038],[122.0802225210001,11.782565769000028],[122.08343976100002,11.795022152000056],[122.08714422300011,11.796878958000034],[122.08903427500003,11.802782812000027],[122.09123321600009,11.810827719000029],[122.08967105500004,11.817027879000022]]]},"properties":{"adm1_psgc":600000000,"adm2_psgc":600400000,"adm3_psgc":600414000,"adm4_psgc":600414009,"adm4_en":"Magallanes","geo_level":"Bgy","len_crs":10943,"area_crs":4486530,"len_km":10,"area_km2":4,"province":"Aklan","municipality":"Nabas","municipality_psgc":"600414000","flood_status":"normal"},"id":600414009},{"type":"Feature","geometry":{"type":"Polygon","coordinates":[[[122.08837441200002,11.817062382000076],[122.08440524200012,11.821768806000023],[122.06350560400006,11.806745557000056],[122.05416372600007,11.799218607000057],[122.065817,11.792590862000052],[122.06699279300004,11.795691428000051],[122.07518569800004,11.798618931000021],[122.08081712900002,11.81254194200005],[122.08837441200002,11.817062382000076]]]},"properties":{"adm1_psgc":600000000,"adm2_psgc":600400000,"adm3_psgc":600414000,"adm4_psgc":600414010,"adm4_en":"Matabana","geo_level":"Bgy","len_crs":10718,"area_crs":4000807,"len_km":10,"area_km2":4,"province":"Aklan","municipality":"Nabas","municipality_psgc":"600414000","flood_status":"normal"},"id":600414010},{"type":"Feature","geometry":{"type":"Polygon","coordinates":[[[122.07613174100004,11.840219483000055],[122.06493759500007,11.846742960000027],[122.06393768100007,11.841851704000021],[122.05955866700002,11.834127194000075],[122.063311268,11.829892560000074],[122.06910601600009,11.828727955000033],[122.07424738100008,11.83230755100004],[122.07300050000003,11.835066604000078],[122.07613174100004,11.840219483000055]]]},"properties":{"adm1_psgc":600000000,"adm2_psgc":600400000,"adm3_psgc":600414000,"adm4_psgc":600414012,"adm4_en":"Nagustan","geo_level":"Bgy","len_crs":5964,"area_crs":2115417,"len_km":5,"area_km2":2,"province":"Aklan","municipality":"Nabas","municipality_psgc":"600414000","flood_status":"normal"},"id":600414012},{"type":"Feature","geometry":{"type":"Polygon","coordinates":[[[121.98536988900003,11.907089706000024],[121.98086,11.905717132000063],[121.97227160400007,11.907246572000076],[121.97740895600009,11.89932485500003],[121.9758010820001,11.893599258000052],[121.98003645600011,11.886501086000067],[121.98351441000011,11.874561413000034],[121.98944839700005,11.87693227900007],[121.98964447800006,11.88308925700005],[121.99337003900007,11.889050153000026],[121.98780130700004,11.895560078000074],[121.98536988900003,11.907089706000024]]]},"properties":{"adm1_psgc":600000000,"adm2_psgc":600400000,"adm3_psgc":600414000,"adm4_psgc":600414013,"adm4_en":"Pawa","geo_level":"Bgy","len_crs":10306,"area_crs":4161068,"len_km":10,"area_km2":4,"province":"Aklan","municipality":"Nabas","municipality_psgc":"600414000","flood_status":"normal"},"id":600414013},{"type":"Feature","geometry":{"type":"Polygon","coordinates":[[[122.0802225210001,11.782565769000028],[122.0923394880001,11.776767171000072],[122.10673924000002,11.78149959500007],[122.10399619100008,11.78760779700002],[122.10116193500005,11.800427559000068],[122.09736279800006,11.802903401000036],[122.08903427500003,11.802782812000027],[122.08714422300011,11.796878958000034],[122.08343976100002,11.795022152000056],[122.0802225210001,11.782565769000028]]]},"properties":{"adm1_psgc":600000000,"adm2_psgc":600400000,"adm3_psgc":600414000,"adm4_psgc":600414014,"adm4_en":"Pinatuad","geo_level":"Bgy","len_crs":10244,"area_crs":5763182,"len_km":10,"area_km2":5,"province":"Aklan","municipality":"Nabas","municipality_psgc":"600414000","flood_status":"normal"},"id":600414014},{"type":"Feature","geometry":{"type":"Polygon","coordinates":[[[122.09368014400003,11.832298054000036],[122.08591633900005,11.83517346700006],[122.0818391790001,11.829886754000025],[122.0938210690001,11.824515623000025],[122.09368014400003,11.832298054000036]]]},"properties":{"adm1_psgc":600000000,"adm2_psgc":600400000,"adm3_psgc":600414000,"adm4_psgc":600414015,"adm4_en":"Poblacion","geo_level":"Bgy","len_crs":4230,"area_crs":926911,"len_km":4,"area_km2":0,"province":"Aklan","municipality":"Nabas","municipality_psgc":"600414000","flood_status":"normal"},"id":600414015},{"type":"Feature","geometry":{"type":"Polygon","coordinates":[[[121.98930035500008,11.912048987000052],[121.9858653120001,11.912873691000074],[121.9759851550001,11.92008513100006],[121.97140154500005,11.912451863000056],[121.97227160400007,11.907246572000076],[121.98086,11.905717132000063],[121.98536988900003,11.907089706000024],[121.98930035500008,11.912048987000052]]]},"properties":{"adm1_psgc":600000000,"adm2_psgc":600400000,"adm3_psgc":600414000,"adm4_psgc":600414016,"adm4_en":"Rizal","geo_level":"Bgy","len_crs":6698,"area_crs":1754450,"len_km":6,"area_km2":1,"province":"Aklan","municipality":"Nabas","municipality_psgc":"600414000","flood_status":"normal"},"id":600414016},{"type":"Feature","geometry":{"type":"Polygon","coordinates":[[[122.09813116300008,11.823457158000052],[122.0938210690001,11.824515623000025],[122.08967105500004,11.817027879000022],[122.09123321600009,11.810827719000029],[122.08903427500003,11.802782812000027],[122.09736279800006,11.802903401000036],[122.09612487700007,11.805848799000048],[122.09638983600009,11.816851297000028],[122.09813116300008,11.823457158000052]]]},"properties":{"adm1_psgc":600000000,"adm2_psgc":600400000,"adm3_psgc":600414000,"adm4_psgc":600414017,"adm4_en":"Solido","geo_level":"Bgy","len_crs":7020,"area_crs":1674219,"len_km":7,"area_km2":1,"province":"Aklan","municipality":"Nabas","municipality_psgc":"600414000","flood_status":"normal"},"id":600414017},{"type":"Feature","geometry":{"type":"Polygon","coordinates":[[[122.01808686600009,11.877071941000052],[122.01271250800005,11.880232617000047],[122.00869348100004,11.889841325000075],[122.0022319960001,11.89438573700005],[121.99337003900007,11.889050153000026],[121.98964447800006,11.88308925700005],[121.98944839700005,11.87693227900007],[121.98351441000011,11.874561413000034],[121.98466399300003,11.870422353000038],[121.99019350900006,11.86614776300007],[121.9982720910001,11.84873567300002],[122.00491325400004,11.839820502000068],[122.00818323800003,11.845934794000073],[122.00841562100003,11.852511235000062],[122.01125069400005,11.855508977000055],[122.011859135,11.860034648000068],[122.019109994,11.86719653800003],[122.01808686600009,11.877071941000052]]]},"properties":{"adm1_psgc":600000000,"adm2_psgc":600400000,"adm3_psgc":600414000,"adm4_psgc":600414018,"adm4_en":"Tagororoc","geo_level":"Bgy","len_crs":15618,"area_crs":12036413,"len_km":15,"area_km2":12,"province":"Aklan","municipality":"Nabas","municipality_psgc":"600414000","flood_status":"normal"},"id":600414018},{"type":"Feature","geometry":{"type":"Polygon","coordinates":[[[122.06493759500007,11.846742960000027],[122.05395498500003,11.853629652000052],[122.04795077100005,11.847154784000056],[122.04826163400003,11.843570135000048],[122.04501626800005,11.83800811900005],[122.04922564300013,11.834069370000067],[122.05342467000001,11.835646782000024],[122.05955866700002,11.834127194000075],[122.06393768100007,11.841851704000021],[122.06493759500007,11.846742960000027]]]},"properties":{"adm1_psgc":600000000,"adm2_psgc":600400000,"adm3_psgc":600414000,"adm4_psgc":600414019,"adm4_en":"Toledo","geo_level":"Bgy","len_crs":7005,"area_crs":2978793,"len_km":7,"area_km2":2,"province":"Aklan","municipality":"Nabas","municipality_psgc":"600414000","flood_status":"normal"},"id":600414019},{"type":"Feature","geometry":{"type":"Polygon","coordinates":[[[122.00475405900012,11.903438087000042],[122.00033174300007,11.907702384000062],[121.99947668500012,11.911765622000074],[121.99105338800007,11.910565860000077],[121.98930035500008,11.912048987000052],[121.98536988900003,11.907089706000024],[121.98780130700004,11.895560078000074],[121.99337003900007,11.889050153000026],[122.0022319960001,11.89438573700005],[122.00208888500003,11.900181737000024],[122.00475405900012,11.903438087000042]]]},"properties":{"adm1_psgc":600000000,"adm2_psgc":600400000,"adm3_psgc":600414000,"adm4_psgc":600414020,"adm4_en":"Unidos","geo_level":"Bgy","len_crs":8782,"area_crs":3568838,"len_km":8,"area_km2":3,"province":"Aklan","municipality":"Nabas","municipality_psgc":"600414000","flood_status":"normal"},"id":600414020},{"type":"Feature","geometry":{"type":"Polygon","coordinates":[[[121.9759851550001,11.92008513100006],[121.96876907200011,11.924668867000037],[121.95993367500013,11.936479263000022],[121.95752146700009,11.934206225000025],[121.95882970900004,11.926057442000058],[121.9652401090001,11.921948573000064],[121.97140154500005,11.912451863000056],[121.9759851550001,11.92008513100006]]]},"properties":{"adm1_psgc":600000000,"adm2_psgc":600400000,"adm3_psgc":600414000,"adm4_psgc":600414021,"adm4_en":"Union","geo_level":"Bgy","len_crs":10477,"area_crs":1795500,"len_km":10,"area_km2":1,"province":"Aklan","municipality":"Nabas","municipality_psgc":"600414000","flood_status":"normal"},"id":600414021},{"type":"Feature","geometry":{"type":"Polygon","coordinates":[[[122.39723396800004,11.635711160000026],[122.39589642200009,11.635773841000063],[122.3928780650001,11.636302831000021],[122.39206902100011,11.636209479000058],[122.39096436400007,11.635089265000033],[122.3895640950001,11.635167057000043],[122.38785265600006,11.634731418000055],[122.38620345000004,11.635571579000045],[122.38311663700007,11.63536884700005],[122.37962382800004,11.637322995000034],[122.37700314400003,11.633297756000047],[122.37679938300003,11.633254518000056],[122.38365743800011,11.624573120000036],[122.39187962100004,11.626808008000069],[122.39737795700013,11.628291123000052],[122.39815845600003,11.628691692000071],[122.39890467400005,11.629800686000067],[122.39984968600002,11.630091330000027],[122.40087025500009,11.629595625000034],[122.40215325700002,11.629624784000043],[122.40312177700004,11.630264089000036],[122.402816,11.63113173700003],[122.40175021100002,11.632262285000023],[122.40061792700011,11.632629819000046],[122.3992769250001,11.634795116000019],[122.39723396800004,11.635711160000026]]]},"properties":{"adm1_psgc":600000000,"adm2_psgc":600400000,"adm3_psgc":600415000,"adm4_psgc":600415001,"adm4_en":"Candelaria","geo_level":"Bgy","len_crs":7321,"area_crs":2338858,"len_km":7,"area_km2":2,"province":"Aklan","municipality":"New Washington","municipality_psgc":"600415000","flood_status":"normal"},"id":600415001},{"type":"Feature","geometry":{"type":"Polygon","coordinates":[[[122.47014900200008,11.62238830500007],[122.46651988200007,11.624570584000029],[122.45934678700006,11.629512154000054],[122.45665605600006,11.631544578000046],[122.45528988200012,11.629850274000033],[122.45098393100012,11.622549759000037],[122.45260457100005,11.620891328000026],[122.45488730000012,11.619251009000035],[122.45577394600004,11.618042098000046],[122.45782588100008,11.616336407000064],[122.4589025,11.615826712000057],[122.46078944900013,11.613807832000077],[122.4623708920001,11.613324601000041],[122.46588284000005,11.612820848000068],[122.47014900200008,11.62238830500007]]]},"properties":{"adm1_psgc":600000000,"adm2_psgc":600400000,"adm3_psgc":600415000,"adm4_psgc":600415002,"adm4_en":"Cawayan","geo_level":"Bgy","len_crs":7314,"area_crs":2346857,"len_km":7,"area_km2":2,"province":"Aklan","municipality":"New Washington","municipality_psgc":"600415000","flood_status":"normal"},"id":600415002},{"type":"Feature","geometry":{"type":"Polygon","coordinates":[[[122.48477090500012,11.594888761000046],[122.484921127,11.597075329000065],[122.48495561400011,11.601248252000062],[122.4837485700001,11.603524391000064],[122.48305883000012,11.606628219000072],[122.48330023900007,11.60938717600004],[122.48253723800009,11.61275692600003],[122.47727018300009,11.605551574000058],[122.4783636960001,11.603843720000043],[122.47898562700004,11.603410027000054],[122.4788581890001,11.60230106000006],[122.4796112680001,11.60098209900002],[122.4804508750001,11.600554975000023],[122.48163555900011,11.597168667000062],[122.48141990500004,11.595540576000078],[122.48477090500012,11.594888761000046]]]},"properties":{"adm1_psgc":600000000,"adm2_psgc":600400000,"adm3_psgc":600415000,"adm4_psgc":600415003,"adm4_en":"Dumaguit","geo_level":"Bgy","len_crs":6590,"area_crs":826968,"len_km":6,"area_km2":0,"province":"Aklan","municipality":"New Washington","municipality_psgc":"600415000","flood_status":"normal"},"id":600415003},{"type":"Feature","geometry":{"type":"Polygon","coordinates":[[[122.48477090500012,11.594888761000046],[122.48616731600009,11.595066922000054],[122.488350964,11.593130446000032],[122.48872175200006,11.595114182000032],[122.48945042900003,11.59711821400003],[122.48951420300013,11.598447422000053],[122.49045745200009,11.59913791200006],[122.49175815500007,11.601442878000057],[122.49185736400011,11.60235011200007],[122.49399635400005,11.603378743000064],[122.4943842900001,11.604748377000021],[122.49392176600008,11.605984913000043],[122.49284031500007,11.607775653000033],[122.49311767900008,11.609025641000072],[122.49225852100005,11.609933782000043],[122.48714157600011,11.612823392000053],[122.48415898700013,11.614967750000062],[122.48253723800009,11.61275692600003],[122.48330023900007,11.60938717600004],[122.48305883000012,11.606628219000072],[122.4837485700001,11.603524391000064],[122.48495561400011,11.601248252000062],[122.484921127,11.597075329000065],[122.48477090500012,11.594888761000046]]]},"properties":{"adm1_psgc":600000000,"adm2_psgc":600400000,"adm3_psgc":600415000,"adm4_psgc":600415004,"adm4_en":"Fatima","geo_level":"Bgy","len_crs":6959,"area_crs":1713736,"len_km":6,"area_km2":1,"province":"Aklan","municipality":"New Washington","municipality_psgc":"600415000","flood_status":"normal"},"id":600415004},{"type":"Feature","geometry":{"type":"MultiPolygon","coordinates":[[[[122.40224013600006,11.651211517000034],[122.39965524800004,11.651310577000057],[122.39812555800006,11.650510431000045],[122.39440723500003,11.651898919000075],[122.39315995000005,11.652063655000061],[122.39181893400007,11.65286111100005],[122.38979748000008,11.653060193000043],[122.38985183800003,11.652214754000056],[122.38726368900006,11.652731037000024],[122.38683045900008,11.65198130500005],[122.3831389930001,11.650452337000049],[122.37526138100009,11.646439661000043],[122.37615348000007,11.642553253000074],[122.37962382800004,11.637322995000034],[122.38311663700007,11.63536884700005],[122.38620345000004,11.635571579000045],[122.38785265600006,11.634731418000055],[122.3895640950001,11.635167057000043],[122.39096436400007,11.635089265000033],[122.39206902100011,11.636209479000058],[122.3928780650001,11.636302831000021],[122.39589642200009,11.635773841000063],[122.39723396800004,11.635711160000026],[122.39769360400008,11.636013971000065],[122.39804780300007,11.637538507000045],[122.39872815600005,11.637980333000026],[122.39903235200006,11.638996481000047],[122.39855406400011,11.63959724600005],[122.39924695500008,11.64391569600002],[122.39861640400011,11.644350030000057],[122.39861638600007,11.645491374000072],[122.40159269300013,11.646070567000036],[122.40590022500008,11.646536976000048],[122.40686112000003,11.645981129000061],[122.4080359410001,11.646730158000024],[122.40859741700002,11.646555625000076],[122.40896138900007,11.648338340000066],[122.40868230600007,11.648681089000037],[122.40861103800012,11.65118055800002],[122.40949971400005,11.651740669000048],[122.40802969300013,11.652626378000035],[122.4076183950001,11.65189504700004],[122.40601350300004,11.651862772000074],[122.40426316000003,11.650871207000023],[122.40381712400006,11.649880266000023],[122.40224317600007,11.649529503000053],[122.40224013600006,11.651211517000034]]],[[[122.41490747600007,11.65477142700007],[122.41071026100009,11.652877874000069],[122.41106383600004,11.650604500000043],[122.41165630400006,11.648956040000028],[122.4128729360001,11.648473501000069],[122.41402849100008,11.649346411000064],[122.41537895100008,11.650827658000027],[122.41796046700004,11.651513545000057],[122.41698501800012,11.652298154000048],[122.41637346300001,11.653961741000044],[122.415529965,11.653960308000023],[122.41490747600007,11.65477142700007]]]]},"properties":{"adm1_psgc":600000000,"adm2_psgc":600400000,"adm3_psgc":600415000,"adm4_psgc":600415005,"adm4_en":"Guinbaliwan","geo_level":"Bgy","len_crs":17319,"area_crs":4876069,"len_km":17,"area_km2":4,"province":"Aklan","municipality":"New Washington","municipality_psgc":"600415000","flood_status":"normal"},"id":600415005},{"type":"Feature","geometry":{"type":"Polygon","coordinates":[[[122.38367876300003,11.660123435000058],[122.38150180600009,11.660659469000052],[122.38020000800009,11.661840933000065],[122.37923733400011,11.66187375100003],[122.37571328700007,11.656959488000041],[122.37578232700004,11.655879505000028],[122.37373366700002,11.653906172000061],[122.37490789200001,11.652704593000063],[122.37410491800006,11.648805755000067],[122.37526138100009,11.646439661000043],[122.3831389930001,11.650452337000049],[122.38683045900008,11.65198130500005],[122.38726368900006,11.652731037000024],[122.38985183800003,11.652214754000056],[122.38979748000008,11.653060193000043],[122.38939615100004,11.653623574000049],[122.38623833400005,11.656687711000073],[122.38423673200008,11.65886854000007],[122.38367876300003,11.660123435000058]]]},"properties":{"adm1_psgc":600000000,"adm2_psgc":600400000,"adm3_psgc":600415000,"adm4_psgc":600415006,"adm4_en":"Jalas","geo_level":"Bgy","len_crs":5618,"area_crs":1567399,"len_km":5,"area_km2":1,"province":"Aklan","municipality":"New Washington","municipality_psgc":"600415000","flood_status":"normal"},"id":600415006},{"type":"Feature","geometry":{"type":"Polygon","coordinates":[[[122.39187962100004,11.626808008000069],[122.38365743800011,11.624573120000036],[122.37679938300003,11.633254518000056],[122.37397920900003,11.632462477000045],[122.36786125100002,11.630449711000042],[122.36696516700009,11.625257876000033],[122.36775850800007,11.621240248000047],[122.37118800700011,11.616914205000056],[122.37222395300012,11.615956228000073],[122.373319905,11.617510189000031],[122.37472664900008,11.617477474000053],[122.37683676400003,11.616446953000036],[122.37703305300009,11.615809011000067],[122.37613339100007,11.613518964000038],[122.3774092750001,11.612586587000065],[122.37830170000005,11.613836947000037],[122.38203551700008,11.61497359100002],[122.3833333680001,11.614225715000028],[122.38449737500004,11.615232525000069],[122.38583228100002,11.614377641000035],[122.39092854500005,11.613082302000068],[122.39317462000008,11.611681103000024],[122.39457577100006,11.612026695000054],[122.39498910300006,11.61387425600003],[122.3944656970001,11.619218282000077],[122.39373733700006,11.620048341000027],[122.39219267600004,11.620425258000068],[122.39252093400012,11.621867789000019],[122.39375571800008,11.623823386000025],[122.39187962100004,11.626808008000069]]]},"properties":{"adm1_psgc":600000000,"adm2_psgc":600400000,"adm3_psgc":600415000,"adm4_psgc":600415007,"adm4_en":"Jugas","geo_level":"Bgy","len_crs":10445,"area_crs":4325034,"len_km":10,"area_km2":4,"province":"Aklan","municipality":"New Washington","municipality_psgc":"600415000","flood_status":"normal"},"id":600415007},{"type":"Feature","geometry":{"type":"MultiPolygon","coordinates":[[[[122.43831121700009,11.616457430000027],[122.43738806300007,11.615880926000047],[122.43539646300007,11.615450305000024],[122.43427342200006,11.614258317000065],[122.43266055400011,11.614273993000042],[122.43149104600002,11.614632123000034],[122.4305248080001,11.613834965000024],[122.43171044500002,11.613046652000037],[122.43202929200004,11.611827920000053],[122.43174468200004,11.610389908000053],[122.43016566200005,11.606841790000033],[122.42987830300001,11.605028310000021],[122.43115930400006,11.603493952000067],[122.43263889100002,11.603332848000035],[122.43480944900013,11.603761073000044],[122.4349174580001,11.604625549000046],[122.43678112400005,11.607376991000022],[122.43956489900006,11.609888451000073],[122.44228046700006,11.611834051000072],[122.44433313,11.612422955000056],[122.44471242600004,11.61367053500004],[122.44460140600006,11.614734817000056],[122.44293594200009,11.615443070000026],[122.44118504400002,11.615477221000049],[122.43919005300008,11.616351941000062],[122.43831121700009,11.616457430000027]]],[[[122.43119635100005,11.625326910000066],[122.42869331500003,11.624663970000027],[122.4250421910001,11.622295561000046],[122.42254647700008,11.621860070000023],[122.4223499090001,11.620079831000057],[122.42552341200008,11.621281734000037],[122.42687091200001,11.62115076300006],[122.42845413500002,11.620363968000047],[122.42850644300006,11.617859010000075],[122.42764066200004,11.61680476600003],[122.42566907500009,11.61580677300003],[122.42444404900004,11.614859039000066],[122.42370918500002,11.613769294000065],[122.42380642000012,11.613134590000074],[122.42485339100006,11.61223273400003],[122.42907131300002,11.613636520000057],[122.43025748700006,11.613737137000046],[122.43047208200005,11.61457134300002],[122.43121617200006,11.614739444000064],[122.43260916100006,11.61443178700006],[122.43360500900008,11.614754295000065],[122.43453736000004,11.615773316000059],[122.4367430640001,11.617177265000066],[122.43707400400002,11.61765021000002],[122.43486670100002,11.621223148000066],[122.43414286100005,11.622667910000073],[122.43119635100005,11.625326910000066]]],[[[122.41703593700004,11.630473713000072],[122.41429082700006,11.629837316000021],[122.41371517300001,11.628823803000046],[122.41252084200006,11.628055482000033],[122.41188409500013,11.626360068000052],[122.41298915000006,11.625157424000065],[122.41387855000005,11.62358408400007],[122.41381931300009,11.62240743700005],[122.41514023800005,11.621509943000035],[122.41593527100008,11.62032752300007],[122.4163871190001,11.618741196000032],[122.4203175140001,11.619234190000043],[122.42200086200013,11.619965172000036],[122.42225586300003,11.621794031000036],[122.41901091500006,11.623977772000044],[122.41771857000003,11.625367431000027],[122.41849219800007,11.62989824300007],[122.41703593700004,11.630473713000072]]],[[[122.42079726600004,11.634587067000039],[122.41987517300005,11.634032846000027],[122.42077744300003,11.631908117000021],[122.4211429510001,11.629866245000073],[122.42101428700006,11.627250842000022],[122.42160097800001,11.625132695000046],[122.42242404700006,11.62488114700005],[122.4265792870001,11.626684364000027],[122.4281577270001,11.627722871000058],[122.42952506900006,11.628029567000052],[122.42913490900004,11.630130694000057],[122.4291420740001,11.633021499000053],[122.42544171200007,11.632768866000049],[122.4215289320001,11.63399836000002],[122.42079726600004,11.634587067000039]]],[[[122.3944656970001,11.619218282000077],[122.39615524800001,11.61983415000003],[122.39702325900011,11.619572236000067],[122.39886018000004,11.618351737000063],[122.4013528370001,11.617261847000064],[122.40223492100006,11.615711146000022],[122.40120556700003,11.612875200000076],[122.40421723600004,11.609380767000058],[122.405135899,11.607041925000031],[122.40678885200008,11.605677660000024],[122.40963062300011,11.605908679000036],[122.41094525100006,11.60479685900003],[122.41281725500005,11.601863397000045],[122.41601918700007,11.601616428000057],[122.416626059,11.602694184000026],[122.41714775600008,11.606117403000042],[122.41843658200003,11.605858715000066],[122.41941612900007,11.601233015000048],[122.42070165300002,11.60167039600003],[122.42259913400007,11.597964743000032],[122.42351063900003,11.597519184000019],[122.42596143700007,11.600945690000058],[122.42815247900012,11.602713887000052],[122.4292806640001,11.60326632300007],[122.42868121200001,11.60453919200006],[122.42873728800011,11.60640194200005],[122.43055891100005,11.611110025000073],[122.42965436500005,11.61223809200004],[122.426616179,11.61129984300004],[122.42573876000006,11.610781230000041],[122.42385606100004,11.61112536300004],[122.4220099920001,11.611882766000065],[122.42201426400005,11.615118206000032],[122.42287453500012,11.615431191000024],[122.42390278000005,11.616907204000027],[122.42558152000002,11.61777305000004],[122.42481485800012,11.618463911000049],[122.42347629100004,11.618162407000057],[122.42171576100007,11.618569188000036],[122.41953729200007,11.617603417000055],[122.4172530310001,11.617056407000062],[122.41671063100013,11.616511691000026],[122.41572753700007,11.616613846000064],[122.41565085200011,11.617456125000045],[122.41459367100003,11.619440126000027],[122.41429239800006,11.62080911300006],[122.4121390580001,11.619487923000067],[122.41149343900007,11.618325988000038],[122.41089414900013,11.618892502000051],[122.41264708100006,11.621187103000066],[122.4124552200001,11.622265366000022],[122.41026584900008,11.621699557000058],[122.40980669800001,11.623015863000031],[122.41094574400007,11.623915134000073],[122.41118592600002,11.62599794000005],[122.41048508700011,11.628724731000034],[122.40980608400001,11.62981196900006],[122.41203565300009,11.629641072000025],[122.41315004600007,11.631385013000056],[122.41278260900005,11.632120282000074],[122.41266755900004,11.635520893000033],[122.40980591500009,11.634910025000066],[122.40673815600007,11.634961055000073],[122.40521374400011,11.631881655000026],[122.40312177700004,11.630264089000036],[122.40215325700002,11.629624784000043],[122.40087025500009,11.629595625000034],[122.39984968600002,11.630091330000027],[122.39890467400005,11.629800686000067],[122.39815845600003,11.628691692000071],[122.39737795700013,11.628291123000052],[122.39187962100004,11.626808008000069],[122.39375571800008,11.623823386000025],[122.39252093400012,11.621867789000019],[122.39219267600004,11.620425258000068],[122.39373733700006,11.620048341000027],[122.3944656970001,11.619218282000077]]],[[[122.40479636300006,11.645337610000068],[122.40380620500004,11.644313105000036],[122.40220377100002,11.643377722000025],[122.40058917100009,11.64177844000005],[122.39898812000003,11.637726947000033],[122.39843945400004,11.637594405000073],[122.39821254700006,11.636020331000053],[122.39982023800009,11.635420662000058],[122.40011480900013,11.634450541000033],[122.40155457000003,11.633342706000064],[122.40260230800003,11.633547935000022],[122.4042000300001,11.632969984000058],[122.405038396,11.633975735000035],[122.40484061500001,11.635283195000055],[122.40601351400005,11.636851541000057],[122.40919391300008,11.637636696000072],[122.41164356200012,11.636867250000021],[122.41272647800008,11.638055673000055],[122.41157277100001,11.639073520000064],[122.41093819600006,11.64047946100004],[122.4110929000001,11.64206684900006],[122.40935931000001,11.642412328000033],[122.40727398000001,11.643541773000036],[122.40653576800003,11.644872794000035],[122.40479636300006,11.645337610000068]]]]},"properties":{"adm1_psgc":600000000,"adm2_psgc":600400000,"adm3_psgc":600415000,"adm4_psgc":600415008,"adm4_en":"Lawa-an","geo_level":"Bgy","len_crs":50138,"area_crs":12172951,"len_km":50,"area_km2":12,"province":"Aklan","municipality":"New Washington","municipality_psgc":"600415000","flood_status":"normal"},"id":600415008},{"type":"Feature","geometry":{"type":"Polygon","coordinates":[[[122.41710176300012,11.65653344100002],[122.4173901170001,11.657657609000065],[122.41859951600009,11.65762393600005],[122.4191859770001,11.658154275000069],[122.41813932700006,11.660918216000027],[122.41616883000007,11.661376584000038],[122.41500343400003,11.662344874000038],[122.41217855800005,11.662772377000067],[122.4109463420001,11.663359147000047],[122.40884132800011,11.667383313000073],[122.41039161500011,11.669136196000066],[122.41276049300006,11.669441406000029],[122.41332098700002,11.671176265000042],[122.41382718100012,11.671671942000046],[122.41241033400003,11.673536537000075],[122.41191625800002,11.67469473900007],[122.41052861100002,11.673847154000041],[122.407688559,11.672844955000071],[122.40657240700011,11.673800404000076],[122.40573967500008,11.673029032000043],[122.40440146100002,11.672880017000068],[122.40425829000003,11.671956708000037],[122.40545041100007,11.67141616300006],[122.40650859100003,11.67227532000004],[122.40698374100008,11.670305521000046],[122.40551215900005,11.669682751000039],[122.40513388300008,11.670674570000072],[122.40411899900006,11.67049465900004],[122.40489400200012,11.668418759000076],[122.40454801800001,11.667408487000044],[122.40284578100011,11.667002533000074],[122.40189299800012,11.665538478000029],[122.40196957500005,11.66460862200006],[122.40083186800007,11.663328702000058],[122.39972698100006,11.663941313000064],[122.39748438800005,11.662639515000027],[122.39690459500002,11.662617636000048],[122.39624822600001,11.663678766000032],[122.3945088490001,11.662508242000056],[122.39406033000013,11.664477348000045],[122.39497924600003,11.665604115000065],[122.3960403760001,11.666183907000056],[122.39576688900001,11.667879526000034],[122.39517615700005,11.669137566000073],[122.39350241600003,11.670559699000023],[122.39304295800002,11.670067422000043],[122.39170834200002,11.670592517000046],[122.39145673400004,11.66866716900006],[122.39030808800008,11.668710927000065],[122.38919226100006,11.668153014000039],[122.38980487200001,11.666873094000037],[122.38883125800008,11.66336152100007],[122.38668712000003,11.66116268500002],[122.38574632500001,11.66063759000002],[122.38432419300013,11.66053913500002],[122.38367876300003,11.660123435000058],[122.38423673200008,11.65886854000007],[122.38623833400005,11.656687711000073],[122.38939615100004,11.653623574000049],[122.38979748000008,11.653060193000043],[122.39181893400007,11.65286111100005],[122.39315995000005,11.652063655000061],[122.39440723500003,11.651898919000075],[122.39812555800006,11.650510431000045],[122.39965524800004,11.651310577000057],[122.40224013600006,11.651211517000034],[122.40223677100005,11.653072885000027],[122.40273647200002,11.65312482400003],[122.40464602500005,11.652046676000053],[122.4055979960001,11.65395257000006],[122.40576928000006,11.65541384900007],[122.40509872900007,11.65629546100007],[122.40620584700004,11.657084970000028],[122.40714523400005,11.655970246000036],[122.40879980800003,11.656064515000024],[122.4090953000001,11.656686781000076],[122.40869410500011,11.657871441000053],[122.41018923800004,11.658399514000049],[122.41128335100007,11.657738712000022],[122.41149287400003,11.65619691700004],[122.41277262200002,11.656350008000059],[122.41259392000006,11.65814690600007],[122.4133764190001,11.658480941000049],[122.41586367200011,11.654909670000047],[122.41717012600009,11.65577228600006],[122.41710176300012,11.65653344100002]]]},"properties":{"adm1_psgc":600000000,"adm2_psgc":600400000,"adm3_psgc":600415000,"adm4_psgc":600415009,"adm4_en":"Mabilo","geo_level":"Bgy","len_crs":17959,"area_crs":4794901,"len_km":17,"area_km2":4,"province":"Aklan","municipality":"New Washington","municipality_psgc":"600415000","flood_status":"normal"},"id":600415009},{"type":"Feature","geometry":{"type":"Polygon","coordinates":[[[122.37373366700002,11.653906172000061],[122.3686645250001,11.651974544000039],[122.3554299870001,11.656122009000057],[122.35260467800002,11.65032650100005],[122.36140344000012,11.638617561000045],[122.36351655900012,11.636995547000026],[122.36786125100002,11.630449711000042],[122.37397920900003,11.632462477000045],[122.37679938300003,11.633254518000056],[122.37700314400003,11.633297756000047],[122.37962382800004,11.637322995000034],[122.37615348000007,11.642553253000074],[122.37526138100009,11.646439661000043],[122.37410491800006,11.648805755000067],[122.37490789200001,11.652704593000063],[122.37373366700002,11.653906172000061]]]},"properties":{"adm1_psgc":600000000,"adm2_psgc":600400000,"adm3_psgc":600415000,"adm4_psgc":600415010,"adm4_en":"Mataphao","geo_level":"Bgy","len_crs":9206,"area_crs":4666282,"len_km":9,"area_km2":4,"province":"Aklan","municipality":"New Washington","municipality_psgc":"600415000","flood_status":"normal"},"id":600415010},{"type":"Feature","geometry":{"type":"Polygon","coordinates":[[[122.48415898700013,11.614967750000062],[122.47566570200001,11.619182793000048],[122.47014900200008,11.62238830500007],[122.46588284000005,11.612820848000068],[122.46816057800004,11.612080581000042],[122.46988594100002,11.611009728000054],[122.4714395530001,11.609450742000035],[122.47231566800008,11.607757468000043],[122.47391831200004,11.606571941000027],[122.47608121400002,11.606184898000038],[122.47727018300009,11.605551574000058],[122.48253723800009,11.61275692600003],[122.48415898700013,11.614967750000062]]]},"properties":{"adm1_psgc":600000000,"adm2_psgc":600400000,"adm3_psgc":600415000,"adm4_psgc":600415011,"adm4_en":"Ochando","geo_level":"Bgy","len_crs":8325,"area_crs":1922196,"len_km":8,"area_km2":1,"province":"Aklan","municipality":"New Washington","municipality_psgc":"600415000","flood_status":"normal"},"id":600415011},{"type":"Feature","geometry":{"type":"Polygon","coordinates":[[[122.42706501800002,11.650711044000046],[122.42617529100005,11.65054868200002],[122.42229349800006,11.648539767000043],[122.42169927500004,11.647676038000046],[122.42022320900003,11.648111603000073],[122.41884332400002,11.647055708000039],[122.41811819100008,11.643794818000062],[122.41834094500007,11.642318040000076],[122.42019405200006,11.640401001000042],[122.42174323400002,11.64077661500005],[122.42344467200009,11.640612373000069],[122.4240279400001,11.641629019000048],[122.42537780000009,11.640337398000039],[122.42436129000009,11.63890430500004],[122.42490315400006,11.63718401500006],[122.42499392600007,11.635645556000043],[122.4255840080001,11.635033968000073],[122.42812337200007,11.635783063000076],[122.43060633800009,11.634304455000063],[122.43058798100003,11.631187946000066],[122.43093403800005,11.628923873000074],[122.43180848900009,11.627850734000052],[122.432907537,11.627719959000046],[122.43418423500009,11.626115898000021],[122.43556900300008,11.625006088000076],[122.43673530100013,11.623353151000057],[122.43826874300011,11.620627169000043],[122.43953144800003,11.619233050000048],[122.44095471700007,11.618675769000049],[122.44419384000003,11.618129885000027],[122.44603835800001,11.61727304200002],[122.4474305560001,11.615495596000073],[122.4490383230001,11.613938695000058],[122.44999529900008,11.611549442000069],[122.45291293100001,11.610508682000045],[122.45844371900013,11.608188121000069],[122.45901363200007,11.608427297000048],[122.45907863200011,11.611279558000035],[122.4586037990001,11.61204722900004],[122.45721330800006,11.612742509000043],[122.45580496200013,11.613962263000074],[122.45286252100006,11.61600502300007],[122.45268801800012,11.616499982000049],[122.45107875400004,11.617471156000022],[122.450600785,11.618325489000027],[122.44851870100001,11.619919090000048],[122.44808461600009,11.619929650000072],[122.4466928280001,11.62144646200005],[122.44404854800007,11.62339191500007],[122.44214112600002,11.625469492000034],[122.44135247100007,11.626871807000043],[122.43935130500005,11.629566659000034],[122.43808668600003,11.631838509000032],[122.43528654800004,11.633687709000071],[122.43440117800004,11.633818270000061],[122.432776579,11.635149426000057],[122.43072736500007,11.638086020000062],[122.43082269800004,11.638463749000039],[122.42962154600002,11.642269445000068],[122.42966902900002,11.643176439000058],[122.42847995500004,11.647847046000038],[122.4285074510001,11.650095524000047],[122.42706501800002,11.650711044000046]]]},"properties":{"adm1_psgc":600000000,"adm2_psgc":600400000,"adm3_psgc":600415000,"adm4_psgc":600415012,"adm4_en":"Pinamuk-an","geo_level":"Bgy","len_crs":19098,"area_crs":3765442,"len_km":19,"area_km2":3,"province":"Aklan","municipality":"New Washington","municipality_psgc":"600415000","flood_status":"normal"},"id":600415012},{"type":"Feature","geometry":{"type":"Polygon","coordinates":[[[122.44424579700002,11.642543565000038],[122.44102293000003,11.645413842000035],[122.43808999200009,11.647800202000038],[122.4334121180001,11.652003351000074],[122.4300902970001,11.655111876000035],[122.42846141400001,11.653005756000022],[122.42947395500006,11.65244895500007],[122.43039513300006,11.651052535000076],[122.43110166800011,11.648915190000023],[122.43128009500003,11.646586237000063],[122.43216782500006,11.64349181700004],[122.43306116200006,11.641089253000073],[122.43389335300003,11.640443370000071],[122.43347159000007,11.639783437000062],[122.43449014600004,11.637885303000074],[122.43537733600012,11.636789593000056],[122.43788965700003,11.635420176000027],[122.44269049200012,11.640721420000034],[122.44424579700002,11.642543565000038]]]},"properties":{"adm1_psgc":600000000,"adm2_psgc":600400000,"adm3_psgc":600415000,"adm4_psgc":600415013,"adm4_en":"Poblacion","geo_level":"Bgy","len_crs":8174,"area_crs":1518687,"len_km":8,"area_km2":1,"province":"Aklan","municipality":"New Washington","municipality_psgc":"600415000","flood_status":"normal"},"id":600415013},{"type":"Feature","geometry":{"type":"Polygon","coordinates":[[[122.45665605600006,11.631544578000046],[122.45268663100002,11.634719858000036],[122.44822045900003,11.638768212000057],[122.44424579700002,11.642543565000038],[122.44269049200012,11.640721420000034],[122.43788965700003,11.635420176000027],[122.43937485300012,11.634997271000028],[122.44079435300013,11.63613766900005],[122.4413305810001,11.635523730000044],[122.43972487400004,11.634236370000052],[122.440005315,11.632694962000073],[122.44095869700004,11.630875828000057],[122.44369848300006,11.62737699300004],[122.44552635100003,11.62541205000002],[122.44630644700011,11.62490008800006],[122.44962328400005,11.623530223000046],[122.45098393100012,11.622549759000037],[122.45528988200012,11.629850274000033],[122.45665605600006,11.631544578000046]]]},"properties":{"adm1_psgc":600000000,"adm2_psgc":600400000,"adm3_psgc":600415000,"adm4_psgc":600415014,"adm4_en":"Polo","geo_level":"Bgy","len_crs":8646,"area_crs":2221498,"len_km":8,"area_km2":2,"province":"Aklan","municipality":"New Washington","municipality_psgc":"600415000","flood_status":"normal"},"id":600415014},{"type":"Feature","geometry":{"type":"Polygon","coordinates":[[[122.37923733400011,11.66187375100003],[122.37965303400006,11.663109912000035],[122.38047349500003,11.663088034000053],[122.38163308000003,11.663908495000046],[122.38182999000004,11.665002443000052],[122.3811079850001,11.665582235000043],[122.38116268300008,11.666610547000062],[122.38023282700009,11.667616979000059],[122.38004685500005,11.668415561000073],[122.37882163300004,11.670373727000026],[122.37744325900009,11.67212404500003],[122.37545227400005,11.672277197000025],[122.3745552360001,11.673764967000068],[122.37301276900008,11.673950938000074],[122.37012474700009,11.672495987000046],[122.36959965100004,11.67182867900004],[122.369818441,11.670559699000025],[122.36817684000005,11.67045771100004],[122.36699052300003,11.66829310400004],[122.36479218100008,11.668214390000061],[122.36396867200004,11.666975300000045],[122.35930740800006,11.663778439000057],[122.3554299870001,11.656122009000057],[122.3686645250001,11.651974544000039],[122.37373366700002,11.653906172000061],[122.37578232700004,11.655879505000028],[122.37571328700007,11.656959488000041],[122.37923733400011,11.66187375100003]]]},"properties":{"adm1_psgc":600000000,"adm2_psgc":600400000,"adm3_psgc":600415000,"adm4_psgc":600415015,"adm4_en":"Puis","geo_level":"Bgy","len_crs":8618,"area_crs":4032143,"len_km":8,"area_km2":4,"province":"Aklan","municipality":"New Washington","municipality_psgc":"600415000","flood_status":"normal"},"id":600415015},{"type":"Feature","geometry":{"type":"MultiPolygon","coordinates":[[[[122.42446009000003,11.65269466500007],[122.42258772500008,11.651705562000076],[122.42299448000006,11.651094684000041],[122.42446009000003,11.65269466500007]]],[[[122.4300902970001,11.655111876000035],[122.42577978800013,11.659076303000063],[122.42515703200002,11.660015117000057],[122.42074061800008,11.66439259200007],[122.4181066750001,11.66750865800003],[122.41537133900012,11.671082831000033],[122.414325576,11.672684076000051],[122.4104835390001,11.677755790000047],[122.41014018500006,11.677534303000073],[122.41021865900005,11.675587535000032],[122.410828851,11.675867012000028],[122.41191625800002,11.67469473900007],[122.41241033400003,11.673536537000075],[122.41382718100012,11.671671942000046],[122.41332098700002,11.671176265000042],[122.41276049300006,11.669441406000029],[122.41039161500011,11.669136196000066],[122.40884132800011,11.667383313000073],[122.4109463420001,11.663359147000047],[122.41217855800005,11.662772377000067],[122.41500343400003,11.662344874000038],[122.41616883000007,11.661376584000038],[122.41813932700006,11.660918216000027],[122.4191859770001,11.658154275000069],[122.41859951600009,11.65762393600005],[122.4173901170001,11.657657609000065],[122.41710176300012,11.65653344100002],[122.4186840770001,11.65579642800003],[122.41857410100009,11.65390038700002],[122.41941743500001,11.65266397500005],[122.42011936500013,11.650707214000022],[122.42157878900002,11.650464966000072],[122.42222685200011,11.651005653000022],[122.42193121200012,11.65199775900004],[122.42451049600004,11.65395773700004],[122.42499825300001,11.652615885000047],[122.42652042500004,11.653011468000045],[122.42846141400001,11.653005756000022],[122.4300902970001,11.655111876000035]]]]},"properties":{"adm1_psgc":600000000,"adm2_psgc":600400000,"adm3_psgc":600415000,"adm4_psgc":600415017,"adm4_en":"Tambak","geo_level":"Bgy","len_crs":11235,"area_crs":2027911,"len_km":11,"area_km2":2,"province":"Aklan","municipality":"New Washington","municipality_psgc":"600415000","flood_status":"normal"},"id":600415017},{"type":"Feature","geometry":{"type":"Polygon","coordinates":[[[122.3378573770001,11.73429436300006],[122.32903299500003,11.733289855000066],[122.32306099900008,11.731085904000055],[122.3254569070001,11.724481160000037],[122.32707787800008,11.725405398000023],[122.33769770100002,11.722991245000058],[122.3420718530001,11.724796066000067],[122.34339764700009,11.728705707000072],[122.33689448300004,11.730060532000039],[122.33763479900004,11.73352985400004],[122.3378573770001,11.73429436300006]]]},"properties":{"adm1_psgc":600000000,"adm2_psgc":600400000,"adm3_psgc":600416000,"adm4_psgc":600416001,"adm4_en":"Albasan","geo_level":"Bgy","len_crs":8034,"area_crs":1786969,"len_km":8,"area_km2":1,"province":"Aklan","municipality":"Numancia","municipality_psgc":"600416000","flood_status":"normal"},"id":600416001},{"type":"Feature","geometry":{"type":"Polygon","coordinates":[[[122.34708227700004,11.703395979000046],[122.34258347400011,11.706394706000026],[122.33765127100003,11.702804151000066],[122.33581960700009,11.703902122000043],[122.33176048000006,11.696897020000051],[122.33284564100006,11.694215339000039],[122.33774184200001,11.688861832000043],[122.3426680770001,11.686016331000078],[122.34455565900008,11.688525160000042],[122.34417506200009,11.695944520000067],[122.34691261300009,11.698425283000065],[122.34708227700004,11.703395979000046]]]},"properties":{"adm1_psgc":600000000,"adm2_psgc":600400000,"adm3_psgc":600416000,"adm4_psgc":600416002,"adm4_en":"Aliputos","geo_level":"Bgy","len_crs":6698,"area_crs":2228630,"len_km":6,"area_km2":2,"province":"Aklan","municipality":"Numancia","municipality_psgc":"600416000","flood_status":"normal"},"id":600416002},{"type":"Feature","geometry":{"type":"Polygon","coordinates":[[[122.33769770100002,11.722991245000058],[122.32707787800008,11.725405398000023],[122.3254569070001,11.724481160000037],[122.32689764800013,11.722123219000025],[122.32817493800009,11.70898696100005],[122.33112421000011,11.70960731400004],[122.33352785900001,11.713086280000025],[122.3381502860001,11.714433265000027],[122.33942690000002,11.718447160000041],[122.33769770100002,11.722991245000058]]]},"properties":{"adm1_psgc":600000000,"adm2_psgc":600400000,"adm3_psgc":600416000,"adm4_psgc":600416003,"adm4_en":"Badio","geo_level":"Bgy","len_crs":6306,"area_crs":1667135,"len_km":6,"area_km2":1,"province":"Aklan","municipality":"Numancia","municipality_psgc":"600416000","flood_status":"normal"},"id":600416003},{"type":"Feature","geometry":{"type":"Polygon","coordinates":[[[122.3420718530001,11.724796066000067],[122.33769770100002,11.722991245000058],[122.33942690000002,11.718447160000041],[122.3381502860001,11.714433265000027],[122.3373771480001,11.712709016000076],[122.34211545900006,11.711675323000064],[122.346531163,11.71333488400006],[122.35146590900003,11.717699192000055],[122.34690574000001,11.723314927000047],[122.3420718530001,11.724796066000067]]]},"properties":{"adm1_psgc":600000000,"adm2_psgc":600400000,"adm3_psgc":600416000,"adm4_psgc":600416004,"adm4_en":"Bubog","geo_level":"Bgy","len_crs":7070,"area_crs":1262365,"len_km":7,"area_km2":1,"province":"Aklan","municipality":"Numancia","municipality_psgc":"600416000","flood_status":"normal"},"id":600416004},{"type":"Feature","geometry":{"type":"Polygon","coordinates":[[[122.36339261400008,11.719837451000044],[122.35834402000013,11.721568148000072],[122.35693183000002,11.72652339500007],[122.35083851600007,11.724506750000042],[122.34690574000001,11.723314927000047],[122.35146590900003,11.717699192000055],[122.35450110500007,11.712591788000054],[122.35960241900011,11.711908136000034],[122.36339261400008,11.719837451000044]]]},"properties":{"adm1_psgc":600000000,"adm2_psgc":600400000,"adm3_psgc":600416000,"adm4_psgc":600416006,"adm4_en":"Bulwang","geo_level":"Bgy","len_crs":6128,"area_crs":1546046,"len_km":6,"area_km2":1,"province":"Aklan","municipality":"Numancia","municipality_psgc":"600416000","flood_status":"normal"},"id":600416006},{"type":"Feature","geometry":{"type":"Polygon","coordinates":[[[122.3646628890001,11.736836078000067],[122.36294526000006,11.738636250000066],[122.35610441900008,11.739028089000044],[122.3417899320001,11.738039309000044],[122.33897695300006,11.736972599000069],[122.3378573770001,11.73429436300006],[122.33763479900004,11.73352985400004],[122.34338761300012,11.734063476000072],[122.35083851600007,11.724506750000042],[122.35693183000002,11.72652339500007],[122.35542646000012,11.730814766000035],[122.35954755800003,11.734536175000072],[122.3646628890001,11.736836078000067]]]},"properties":{"adm1_psgc":600000000,"adm2_psgc":600400000,"adm3_psgc":600416000,"adm4_psgc":600416007,"adm4_en":"Camanci Norte","geo_level":"Bgy","len_crs":8400,"area_crs":2344040,"len_km":8,"area_km2":2,"province":"Aklan","municipality":"Numancia","municipality_psgc":"600416000","flood_status":"normal"},"id":600416007},{"type":"Feature","geometry":{"type":"Polygon","coordinates":[[[122.35083851600007,11.724506750000042],[122.34338761300012,11.734063476000072],[122.33763479900004,11.73352985400004],[122.33689448300004,11.730060532000039],[122.34339764700009,11.728705707000072],[122.3420718530001,11.724796066000067],[122.34690574000001,11.723314927000047],[122.35083851600007,11.724506750000042]]]},"properties":{"adm1_psgc":600000000,"adm2_psgc":600400000,"adm3_psgc":600416000,"adm4_psgc":600416008,"adm4_en":"Camanci Sur","geo_level":"Bgy","len_crs":6044,"area_crs":1095256,"len_km":6,"area_km2":1,"province":"Aklan","municipality":"Numancia","municipality_psgc":"600416000","flood_status":"normal"},"id":600416008},{"type":"Feature","geometry":{"type":"Polygon","coordinates":[[[122.32306099900008,11.731085904000055],[122.32024828500005,11.73195166000005],[122.31369565600005,11.731019943000037],[122.31674837000003,11.72067129100003],[122.32680773600009,11.707958728000051],[122.32817493800009,11.70898696100005],[122.32689764800013,11.722123219000025],[122.3254569070001,11.724481160000037],[122.32306099900008,11.731085904000055]]]},"properties":{"adm1_psgc":600000000,"adm2_psgc":600400000,"adm3_psgc":600416000,"adm4_psgc":600416009,"adm4_en":"Dongon East","geo_level":"Bgy","len_crs":7538,"area_crs":2142646,"len_km":7,"area_km2":2,"province":"Aklan","municipality":"Numancia","municipality_psgc":"600416000","flood_status":"normal"},"id":600416009},{"type":"Feature","geometry":{"type":"Polygon","coordinates":[[[122.31369565600005,11.731019943000037],[122.30852426700005,11.735048016000063],[122.30515057700005,11.724056593000052],[122.30983910900011,11.718486648000065],[122.3132758270001,11.716401957000073],[122.31386245200008,11.712295578000067],[122.31270137500009,11.704802664000056],[122.32418747300005,11.703201248000028],[122.32655633000002,11.703627995000035],[122.32680773600009,11.707958728000051],[122.31674837000003,11.72067129100003],[122.31369565600005,11.731019943000037]]]},"properties":{"adm1_psgc":600000000,"adm2_psgc":600400000,"adm3_psgc":600416000,"adm4_psgc":600416010,"adm4_en":"Dongon West","geo_level":"Bgy","len_crs":12282,"area_crs":3372052,"len_km":12,"area_km2":3,"province":"Aklan","municipality":"Numancia","municipality_psgc":"600416000","flood_status":"normal"},"id":600416010},{"type":"Feature","geometry":{"type":"Polygon","coordinates":[[[122.33581960700009,11.703902122000043],[122.33486514400009,11.705429282000068],[122.33062163200009,11.704507623000037],[122.32878259100005,11.701798664000023],[122.32799498500003,11.69591848300007],[122.33284564100006,11.694215339000039],[122.33176048000006,11.696897020000051],[122.33581960700009,11.703902122000043]]]},"properties":{"adm1_psgc":600000000,"adm2_psgc":600400000,"adm3_psgc":600416000,"adm4_psgc":600416011,"adm4_en":"Joyao-joyao","geo_level":"Bgy","len_crs":3978,"area_crs":547836,"len_km":3,"area_km2":0,"province":"Aklan","municipality":"Numancia","municipality_psgc":"600416000","flood_status":"normal"},"id":600416011},{"type":"Feature","geometry":{"type":"Polygon","coordinates":[[[122.35450110500007,11.712591788000054],[122.35146590900003,11.717699192000055],[122.346531163,11.71333488400006],[122.34211545900006,11.711675323000064],[122.34258347400011,11.706394706000026],[122.34708227700004,11.703395979000046],[122.35217268000008,11.703221123000047],[122.3563669460001,11.709229220000056],[122.35450110500007,11.712591788000054]]]},"properties":{"adm1_psgc":600000000,"adm2_psgc":600400000,"adm3_psgc":600416000,"adm4_psgc":600416012,"adm4_en":"Laguinbanua East","geo_level":"Bgy","len_crs":5163,"area_crs":1677144,"len_km":5,"area_km2":1,"province":"Aklan","municipality":"Numancia","municipality_psgc":"600416000","flood_status":"normal"},"id":600416012},{"type":"Feature","geometry":{"type":"Polygon","coordinates":[[[122.34211545900006,11.711675323000064],[122.3373771480001,11.712709016000076],[122.33486514400009,11.705429282000068],[122.33581960700009,11.703902122000043],[122.33765127100003,11.702804151000066],[122.34258347400011,11.706394706000026],[122.34211545900006,11.711675323000064]]]},"properties":{"adm1_psgc":600000000,"adm2_psgc":600400000,"adm3_psgc":600416000,"adm4_psgc":600416013,"adm4_en":"Laguinbanua West","geo_level":"Bgy","len_crs":3859,"area_crs":595290,"len_km":3,"area_km2":0,"province":"Aklan","municipality":"Numancia","municipality_psgc":"600416000","flood_status":"normal"},"id":600416013},{"type":"Feature","geometry":{"type":"Polygon","coordinates":[[[122.3381502860001,11.714433265000027],[122.33352785900001,11.713086280000025],[122.33112421000011,11.70960731400004],[122.33062163200009,11.704507623000037],[122.33486514400009,11.705429282000068],[122.3373771480001,11.712709016000076],[122.3381502860001,11.714433265000027]]]},"properties":{"adm1_psgc":600000000,"adm2_psgc":600400000,"adm3_psgc":600416000,"adm4_psgc":600416014,"adm4_en":"Marianos","geo_level":"Bgy","len_crs":3938,"area_crs":412275,"len_km":3,"area_km2":0,"province":"Aklan","municipality":"Numancia","municipality_psgc":"600416000","flood_status":"normal"},"id":600416014},{"type":"Feature","geometry":{"type":"Polygon","coordinates":[[[122.33897695300006,11.736972599000069],[122.33130037,11.735422485000072],[122.32051397500005,11.739370015000077],[122.32024828500005,11.73195166000005],[122.32306099900008,11.731085904000055],[122.32903299500003,11.733289855000066],[122.3378573770001,11.73429436300006],[122.33897695300006,11.736972599000069]]]},"properties":{"adm1_psgc":600000000,"adm2_psgc":600400000,"adm3_psgc":600416000,"adm4_psgc":600416015,"adm4_en":"Navitas","geo_level":"Bgy","len_crs":6453,"area_crs":880688,"len_km":6,"area_km2":0,"province":"Aklan","municipality":"Numancia","municipality_psgc":"600416000","flood_status":"normal"},"id":600416015},{"type":"Feature","geometry":{"type":"Polygon","coordinates":[[[122.33112421000011,11.70960731400004],[122.32817493800009,11.70898696100005],[122.32680773600009,11.707958728000051],[122.32655633000002,11.703627995000035],[122.32878259100005,11.701798664000023],[122.33062163200009,11.704507623000037],[122.33112421000011,11.70960731400004]]]},"properties":{"adm1_psgc":600000000,"adm2_psgc":600400000,"adm3_psgc":600416000,"adm4_psgc":600416016,"adm4_en":"Poblacion","geo_level":"Bgy","len_crs":2916,"area_crs":393468,"len_km":2,"area_km2":0,"province":"Aklan","municipality":"Numancia","municipality_psgc":"600416000","flood_status":"normal"},"id":600416016},{"type":"Feature","geometry":{"type":"Polygon","coordinates":[[[122.36339261400008,11.719837451000044],[122.36244035700008,11.727059187000066],[122.3646628890001,11.736836078000067],[122.35954755800003,11.734536175000072],[122.35542646000012,11.730814766000035],[122.35693183000002,11.72652339500007],[122.35834402000013,11.721568148000072],[122.36339261400008,11.719837451000044]]]},"properties":{"adm1_psgc":600000000,"adm2_psgc":600400000,"adm3_psgc":600416000,"adm4_psgc":600416017,"adm4_en":"Pusiw","geo_level":"Bgy","len_crs":5363,"area_crs":1009457,"len_km":5,"area_km2":1,"province":"Aklan","municipality":"Numancia","municipality_psgc":"600416000","flood_status":"normal"},"id":600416017},{"type":"Feature","geometry":{"type":"Polygon","coordinates":[[[122.32655633000002,11.703627995000035],[122.32418747300005,11.703201248000028],[122.31270137500009,11.704802664000056],[122.31607568000005,11.698224353000056],[122.32124803500004,11.696009404000053],[122.32799498500003,11.69591848300007],[122.32878259100005,11.701798664000023],[122.32655633000002,11.703627995000035]]]},"properties":{"adm1_psgc":600000000,"adm2_psgc":600400000,"adm3_psgc":600416000,"adm4_psgc":600416018,"adm4_en":"Tabangka","geo_level":"Bgy","len_crs":5003,"area_crs":1184283,"len_km":5,"area_km2":1,"province":"Aklan","municipality":"Numancia","municipality_psgc":"600416000","flood_status":"normal"},"id":600416018},{"type":"Feature","geometry":{"type":"Polygon","coordinates":[[[122.26115923400006,11.78223043500003],[122.25664178400007,11.79416436300005],[122.24937512300004,11.788499141000045],[122.24769742700006,11.778867472000057],[122.25141705600004,11.77095001200007],[122.26115923400006,11.78223043500003]]]},"properties":{"adm1_psgc":600000000,"adm2_psgc":600400000,"adm3_psgc":600417000,"adm4_psgc":600417001,"adm4_en":"Afga","geo_level":"Bgy","len_crs":6671,"area_crs":2024450,"len_km":6,"area_km2":2,"province":"Aklan","municipality":"Tangalan","municipality_psgc":"600417000","flood_status":"normal"},"id":600417001},{"type":"Feature","geometry":{"type":"Polygon","coordinates":[[[122.273818559,11.769343969000035],[122.26586091100012,11.776447716000064],[122.26042456000006,11.772227914000041],[122.26279518900002,11.765348302000064],[122.26999344100011,11.764630010000078],[122.273818559,11.769343969000035]]]},"properties":{"adm1_psgc":600000000,"adm2_psgc":600400000,"adm3_psgc":600417000,"adm4_psgc":600417002,"adm4_en":"Baybay","geo_level":"Bgy","len_crs":4836,"area_crs":1124332,"len_km":4,"area_km2":1,"province":"Aklan","municipality":"Tangalan","municipality_psgc":"600417000","flood_status":"normal"},"id":600417002},{"type":"Feature","geometry":{"type":"Polygon","coordinates":[[[122.27912383300009,11.75746176900003],[122.28511187600009,11.761064715000032],[122.273818559,11.769343969000035],[122.26999344100011,11.764630010000078],[122.27912383300009,11.75746176900003]]]},"properties":{"adm1_psgc":600000000,"adm2_psgc":600400000,"adm3_psgc":600417000,"adm4_psgc":600417003,"adm4_en":"Dapdap","geo_level":"Bgy","len_crs":4946,"area_crs":924414,"len_km":4,"area_km2":0,"province":"Aklan","municipality":"Tangalan","municipality_psgc":"600417000","flood_status":"normal"},"id":600417003},{"type":"Feature","geometry":{"type":"Polygon","coordinates":[[[122.24769742700006,11.778867472000057],[122.24937512300004,11.788499141000045],[122.2407445660001,11.787255755000043],[122.23966322900003,11.771692827000038],[122.24769742700006,11.778867472000057]]]},"properties":{"adm1_psgc":600000000,"adm2_psgc":600400000,"adm3_psgc":600417000,"adm4_psgc":600417004,"adm4_en":"Dumatad","geo_level":"Bgy","len_crs":5357,"area_crs":1141855,"len_km":5,"area_km2":1,"province":"Aklan","municipality":"Tangalan","municipality_psgc":"600417000","flood_status":"normal"},"id":600417004},{"type":"Feature","geometry":{"type":"Polygon","coordinates":[[[122.2407445660001,11.787255755000043],[122.22487558000012,11.79607389000006],[122.2167943410001,11.790978632000074],[122.23480464900001,11.771872639000037],[122.23966322900003,11.771692827000038],[122.2407445660001,11.787255755000043]]]},"properties":{"adm1_psgc":600000000,"adm2_psgc":600400000,"adm3_psgc":600417000,"adm4_psgc":600417005,"adm4_en":"Jawili","geo_level":"Bgy","len_crs":12451,"area_crs":4637729,"len_km":12,"area_km2":4,"province":"Aklan","municipality":"Tangalan","municipality_psgc":"600417000","flood_status":"normal"},"id":600417005},{"type":"Feature","geometry":{"type":"Polygon","coordinates":[[[122.24254950200009,11.742241574000046],[122.23761765200004,11.751618893000057],[122.22652583900002,11.74357428500002],[122.2148853530001,11.740944216000058],[122.20642842600012,11.743198301000065],[122.20519611500005,11.731149491000053],[122.21803892200012,11.726587839000045],[122.22307832000003,11.719685377000074],[122.23271386200008,11.726809477000074],[122.24254950200009,11.742241574000046]]]},"properties":{"adm1_psgc":600000000,"adm2_psgc":600400000,"adm3_psgc":600417000,"adm4_psgc":600417006,"adm4_en":"Lanipga","geo_level":"Bgy","len_crs":12580,"area_crs":7592474,"len_km":12,"area_km2":7,"province":"Aklan","municipality":"Tangalan","municipality_psgc":"600417000","flood_status":"normal"},"id":600417006},{"type":"Feature","geometry":{"type":"Polygon","coordinates":[[[122.22307832000003,11.719685377000074],[122.21803892200012,11.726587839000045],[122.20519611500005,11.731149491000053],[122.20091473200011,11.704206308000037],[122.2205752420001,11.71158803000003],[122.22307832000003,11.719685377000074]]]},"properties":{"adm1_psgc":600000000,"adm2_psgc":600400000,"adm3_psgc":600417000,"adm4_psgc":600417007,"adm4_en":"Napatag","geo_level":"Bgy","len_crs":8840,"area_crs":4610629,"len_km":8,"area_km2":4,"province":"Aklan","municipality":"Tangalan","municipality_psgc":"600417000","flood_status":"normal"},"id":600417007},{"type":"Feature","geometry":{"type":"Polygon","coordinates":[[[122.23480464900001,11.771872639000037],[122.2167943410001,11.790978632000074],[122.20696109400002,11.758254922000047],[122.20642842600012,11.743198301000065],[122.2148853530001,11.740944216000058],[122.22652583900002,11.74357428500002],[122.23761765200004,11.751618893000057],[122.23480464900001,11.771872639000037]]]},"properties":{"adm1_psgc":600000000,"adm2_psgc":600400000,"adm3_psgc":600417000,"adm4_psgc":600417008,"adm4_en":"Panayakan","geo_level":"Bgy","len_crs":14416,"area_crs":12188587,"len_km":14,"area_km2":12,"province":"Aklan","municipality":"Tangalan","municipality_psgc":"600417000","flood_status":"normal"},"id":600417008},{"type":"Feature","geometry":{"type":"Polygon","coordinates":[[[122.26586091100012,11.776447716000064],[122.26115923400006,11.78223043500003],[122.25141705600004,11.77095001200007],[122.25311418300008,11.770397259000049],[122.26042456000006,11.772227914000041],[122.26586091100012,11.776447716000064]]]},"properties":{"adm1_psgc":600000000,"adm2_psgc":600400000,"adm3_psgc":600417000,"adm4_psgc":600417009,"adm4_en":"Poblacion","geo_level":"Bgy","len_crs":5009,"area_crs":1062201,"len_km":5,"area_km2":1,"province":"Aklan","municipality":"Tangalan","municipality_psgc":"600417000","flood_status":"normal"},"id":600417009},{"type":"Feature","geometry":{"type":"Polygon","coordinates":[[[122.2729543810001,11.744593186000031],[122.26172980700005,11.744507854000062],[122.25697164200007,11.74933077400004],[122.24254950200009,11.742241574000046],[122.23271386200008,11.726809477000074],[122.2378046760001,11.719935709000021],[122.24145306600008,11.715081471000078],[122.25242118300001,11.735797654000065],[122.26020768300008,11.73713287700002],[122.2729543810001,11.744593186000031]]]},"properties":{"adm1_psgc":600000000,"adm2_psgc":600400000,"adm3_psgc":600417000,"adm4_psgc":600417010,"adm4_en":"Pudiot","geo_level":"Bgy","len_crs":13292,"area_crs":5484082,"len_km":13,"area_km2":5,"province":"Aklan","municipality":"Tangalan","municipality_psgc":"600417000","flood_status":"normal"},"id":600417010},{"type":"Feature","geometry":{"type":"Polygon","coordinates":[[[122.25141705600004,11.77095001200007],[122.24769742700006,11.778867472000057],[122.23966322900003,11.771692827000038],[122.23480464900001,11.771872639000037],[122.23761765200004,11.751618893000057],[122.25020649500003,11.763286255000024],[122.25311418300008,11.770397259000049],[122.25141705600004,11.77095001200007]]]},"properties":{"adm1_psgc":600000000,"adm2_psgc":600400000,"adm3_psgc":600417000,"adm4_psgc":600417011,"adm4_en":"Tagas","geo_level":"Bgy","len_crs":8700,"area_crs":3378681,"len_km":8,"area_km2":3,"province":"Aklan","municipality":"Tangalan","municipality_psgc":"600417000","flood_status":"normal"},"id":600417011},{"type":"Feature","geometry":{"type":"Polygon","coordinates":[[[122.27495765500011,11.75447916300004],[122.25389814800009,11.758205445000044],[122.25020649500003,11.763286255000024],[122.23761765200004,11.751618893000057],[122.24254950200009,11.742241574000046],[122.25697164200007,11.74933077400004],[122.26172980700005,11.744507854000062],[122.2729543810001,11.744593186000031],[122.27495765500011,11.75447916300004]]]},"properties":{"adm1_psgc":600000000,"adm2_psgc":600400000,"adm3_psgc":600417000,"adm4_psgc":600417012,"adm4_en":"Tamalagon","geo_level":"Bgy","len_crs":12373,"area_crs":4854615,"len_km":12,"area_km2":4,"province":"Aklan","municipality":"Tangalan","municipality_psgc":"600417000","flood_status":"normal"},"id":600417012},{"type":"Feature","geometry":{"type":"Polygon","coordinates":[[[122.24145306600008,11.715081471000078],[122.2378046760001,11.719935709000021],[122.2328212990001,11.713457769000057],[122.23034010200001,11.697991497000032],[122.21341716400002,11.691508162000048],[122.20392011900003,11.69371091200003],[122.20966066100003,11.672659499000076],[122.21256441800007,11.668958631000065],[122.22412251300011,11.678296205000034],[122.23384302200009,11.68047011300007],[122.23825889700004,11.687248913000074],[122.24145306600008,11.715081471000078]]]},"properties":{"adm1_psgc":600000000,"adm2_psgc":600400000,"adm3_psgc":600417000,"adm4_psgc":600417013,"adm4_en":"Tamokoe","geo_level":"Bgy","len_crs":16076,"area_crs":8879521,"len_km":16,"area_km2":8,"province":"Aklan","municipality":"Tangalan","municipality_psgc":"600417000","flood_status":"normal"},"id":600417013},{"type":"Feature","geometry":{"type":"Polygon","coordinates":[[[122.26042456000006,11.772227914000041],[122.25311418300008,11.770397259000049],[122.25020649500003,11.763286255000024],[122.25389814800009,11.758205445000044],[122.27495765500011,11.75447916300004],[122.27912383300009,11.75746176900003],[122.26999344100011,11.764630010000078],[122.26279518900002,11.765348302000064],[122.26042456000006,11.772227914000041]]]},"properties":{"adm1_psgc":600000000,"adm2_psgc":600400000,"adm3_psgc":600417000,"adm4_psgc":600417014,"adm4_en":"Tondog","geo_level":"Bgy","len_crs":10375,"area_crs":3031442,"len_km":10,"area_km2":3,"province":"Aklan","municipality":"Tangalan","municipality_psgc":"600417000","flood_status":"normal"},"id":600417014},{"type":"Feature","geometry":{"type":"Polygon","coordinates":[[[122.2378046760001,11.719935709000021],[122.23271386200008,11.726809477000074],[122.22307832000003,11.719685377000074],[122.2205752420001,11.71158803000003],[122.20091473200011,11.704206308000037],[122.20392011900003,11.69371091200003],[122.21341716400002,11.691508162000048],[122.23034010200001,11.697991497000032],[122.2328212990001,11.713457769000057],[122.2378046760001,11.719935709000021]]]},"properties":{"adm1_psgc":600000000,"adm2_psgc":600400000,"adm3_psgc":600417000,"adm4_psgc":600417015,"adm4_en":"Vivo","geo_level":"Bgy","len_crs":12667,"area_crs":6978348,"len_km":12,"area_km2":6,"province":"Aklan","municipality":"Tangalan","municipality_psgc":"600417000","flood_status":"normal"},"id":600417015}]}